time,temperature_2m,relative_humidity_2m,dew_point_2m,surface_pressure,precipitation,cloud_cover,wind_speed_10m,wind_direction_10m,wind_gusts_10m
2026-06-23 00:00:00,29.5,73,24.1,1002.5,0.1,43,15.0,246,34.9
2026-06-23 01:00:00,29.4,73,24.1,1002.3,0.0,31,14.9,252,39.6
2026-06-23 02:00:00,29.2,75,24.3,1001.9,0.0,50,15.0,253,32.8
2026-06-23 03:00:00,29.2,75,24.3,1001.7,0.0,80,15.2,256,33.1
2026-06-23 04:00:00,29.1,77,24.6,1002.0,0.0,88,15.4,263,32.8
2026-06-23 05:00:00,29.1,76,24.5,1002.0,0.0,43,14.2,267,33.8
2026-06-23 06:00:00,28.9,79,24.8,1002.2,0.0,59,14.8,267,32.0
2026-06-23 07:00:00,29.0,80,25.1,1002.7,0.1,37,16.8,266,38.9
2026-06-23 08:00:00,29.8,75,24.8,1002.9,0.1,55,18.2,265,43.2
2026-06-23 09:00:00,30.6,71,24.6,1002.9,0.1,48,18.2,265,45.7
2026-06-23 10:00:00,31.4,66,24.4,1003.0,0.0,74,17.3,261,44.6
2026-06-23 11:00:00,32.4,60,23.7,1002.9,0.0,70,17.0,263,45.0
2026-06-23 12:00:00,32.6,58,23.4,1002.5,0.0,70,17.5,261,45.4
2026-06-23 13:00:00,32.6,59,23.5,1001.7,0.0,78,18.9,259,48.6
2026-06-23 14:00:00,32.0,62,23.9,1001.0,0.0,5,18.5,255,48.6
2026-06-23 15:00:00,32.3,59,23.3,1000.5,0.0,24,18.6,248,47.5
2026-06-23 16:00:00,31.9,60,23.3,1000.0,0.0,64,19.4,247,49.3
2026-06-23 17:00:00,31.3,62,23.2,1000.1,0.0,52,17.5,251,49.0
2026-06-23 18:00:00,30.7,65,23.3,1000.1,0.0,40,17.8,250,44.3
2026-06-23 19:00:00,30.0,69,23.6,1000.7,0.0,51,18.6,247,45.0
2026-06-23 20:00:00,29.7,72,24.2,1001.0,0.0,37,20.4,241,47.2
2026-06-23 21:00:00,29.5,73,24.3,1001.4,0.0,27,20.7,236,48.2
2026-06-23 22:00:00,29.5,73,24.1,1001.6,0.0,50,21.1,240,50.4
2026-06-23 23:00:00,29.6,73,24.3,1001.7,0.1,59,19.5,252,48.2
2026-06-24 00:00:00,29.4,75,24.4,1001.5,0.0,34,19.1,256,49.7
2026-06-24 01:00:00,29.2,76,24.5,1001.2,0.0,52,18.3,257,40.7
2026-06-24 02:00:00,29.0,77,24.6,1000.9,0.0,100,19.5,260,42.8
2026-06-24 03:00:00,28.9,78,24.7,1000.6,0.0,37,19.2,263,45.0
2026-06-24 04:00:00,28.6,81,24.9,1000.5,0.0,55,19.4,263,44.6
2026-06-24 05:00:00,28.9,78,24.7,1000.3,0.0,98,17.8,269,42.1
2026-06-24 06:00:00,28.9,77,24.5,1000.7,0.0,95,18.4,272,39.6
2026-06-24 07:00:00,29.1,77,24.6,1001.0,0.0,98,19.8,274,47.5
2026-06-24 08:00:00,29.5,74,24.4,1001.6,0.0,99,19.1,271,46.1
2026-06-24 09:00:00,30.2,71,24.3,1001.9,0.0,99,19.8,263,46.8
2026-06-24 10:00:00,30.5,70,24.4,1002.1,0.1,98,20.8,258,50.0
2026-06-24 11:00:00,31.6,64,24.0,1002.0,0.1,71,22.3,256,52.2
2026-06-24 12:00:00,31.8,64,24.2,1001.6,0.2,80,22.8,250,55.8
2026-06-24 13:00:00,31.6,66,24.5,1001.0,0.2,63,22.2,246,56.5
2026-06-24 14:00:00,31.6,67,24.6,1000.7,0.1,59,21.2,244,55.1
2026-06-24 15:00:00,31.5,66,24.5,1000.3,0.1,72,21.1,243,53.3
2026-06-24 16:00:00,31.2,68,24.5,1000.0,0.0,93,21.5,243,53.3
2026-06-24 17:00:00,31.5,64,24.0,999.3,0.0,47,19.1,252,52.9
2026-06-24 18:00:00,30.7,67,23.9,999.4,0.0,48,18.0,252,46.4
2026-06-24 19:00:00,30.1,70,24.0,999.9,0.0,77,18.4,246,43.9
2026-06-24 20:00:00,29.7,73,24.4,1000.1,0.1,84,18.5,241,44.3
2026-06-24 21:00:00,29.5,74,24.4,1000.9,0.1,30,19.0,245,44.6
2026-06-24 22:00:00,29.4,75,24.5,1001.6,0.1,31,17.9,251,44.6
2026-06-24 23:00:00,29.6,74,24.4,1001.7,0.0,26,17.2,255,41.8
2026-06-25 00:00:00,29.2,76,24.5,1001.6,0.0,32,15.9,260,36.7
2026-06-25 01:00:00,29.1,75,24.3,1001.2,0.0,33,14.6,261,34.2
2026-06-25 02:00:00,29.0,75,24.2,1000.9,0.0,34,14.7,263,31.3
2026-06-25 03:00:00,28.9,76,24.2,1000.8,0.0,50,15.2,260,32.4
2026-06-25 04:00:00,28.9,76,24.2,1000.8,0.0,81,16.1,259,34.9
2026-06-25 05:00:00,28.8,78,24.5,1001.0,0.0,54,15.5,265,35.6
2026-06-25 06:00:00,28.7,79,24.8,1001.5,0.0,96,14.3,265,33.5
2026-06-25 07:00:00,29.2,77,24.7,1001.9,0.0,73,17.4,264,39.6
2026-06-25 08:00:00,29.8,73,24.6,1002.2,0.0,45,19.0,261,45.0
2026-06-25 09:00:00,30.7,69,24.5,1002.6,0.1,45,19.7,257,47.9
2026-06-25 10:00:00,31.6,65,24.2,1002.6,0.0,45,19.1,254,48.6
2026-06-25 11:00:00,31.8,64,24.0,1002.6,0.1,91,19.2,250,48.2
2026-06-25 12:00:00,31.9,63,24.1,1002.5,0.1,88,19.3,248,49.3
2026-06-25 13:00:00,31.8,64,24.3,1002.3,0.1,85,18.8,245,48.6
2026-06-25 14:00:00,31.8,66,24.6,1001.8,0.1,98,19.2,243,48.6
2026-06-25 15:00:00,31.4,69,25.0,1001.3,0.1,38,19.7,241,50.0
2026-06-25 16:00:00,31.6,68,24.9,1000.8,0.0,32,18.5,242,49.7
2026-06-25 17:00:00,31.3,66,24.2,1000.8,0.0,91,16.7,244,46.8
2026-06-25 18:00:00,30.6,69,24.2,1001.1,0.1,93,16.3,238,41.8
2026-06-25 19:00:00,30.0,73,24.6,1001.6,0.0,41,16.6,240,40.3
2026-06-25 20:00:00,29.7,74,24.7,1001.9,0.0,10,15.5,247,39.6
2026-06-25 21:00:00,29.5,75,24.7,1002.4,0.0,34,15.1,244,36.7
2026-06-25 22:00:00,29.6,75,24.7,1003.0,0.0,23,14.6,250,35.3
2026-06-25 23:00:00,29.5,76,24.8,1003.2,0.0,15,13.5,256,34.2
2026-06-26 00:00:00,29.2,77,24.8,1003.1,0.0,26,12.9,255,29.2
2026-06-26 01:00:00,29.0,78,24.9,1002.7,0.0,35,12.6,256,28.8
2026-06-26 02:00:00,28.8,80,25.0,1002.5,0.0,34,11.7,272,27.0
2026-06-26 03:00:00,28.6,81,25.1,1002.2,0.0,23,10.8,275,24.8
2026-06-26 04:00:00,28.4,82,25.1,1002.1,0.0,11,10.4,272,23.0
2026-06-26 05:00:00,28.9,78,24.7,1002.3,0.0,52,9.7,268,22.0
2026-06-26 06:00:00,28.9,78,24.8,1003.0,0.0,20,10.2,260,21.2
2026-06-26 07:00:00,29.3,77,24.9,1003.5,0.0,27,11.6,257,27.0
2026-06-26 08:00:00,30.2,73,24.8,1003.9,0.0,36,13.2,255,33.1
2026-06-26 09:00:00,31.1,69,24.7,1004.1,0.0,63,13.1,252,33.8
2026-06-26 10:00:00,31.6,66,24.6,1004.3,0.0,89,13.9,249,36.0
2026-06-26 11:00:00,32.9,60,24.0,1004.1,0.1,100,13.1,247,37.1
2026-06-26 12:00:00,32.1,64,24.5,1003.9,0.0,100,14.0,235,36.4
2026-06-26 13:00:00,31.9,67,24.9,1003.7,0.0,61,14.8,228,38.9
2026-06-26 14:00:00,32.3,65,24.9,1003.2,0.0,59,15.0,226,40.0
2026-06-26 15:00:00,32.0,67,25.0,1002.8,0.0,59,15.9,226,41.8
2026-06-26 16:00:00,31.4,69,25.0,1002.3,0.0,8,15.5,234,42.5
2026-06-26 17:00:00,31.7,66,24.5,1002.3,0.0,20,15.0,240,40.3
2026-06-26 18:00:00,30.9,68,24.4,1002.4,0.0,47,14.3,243,38.5
2026-06-26 19:00:00,30.2,72,24.5,1002.9,0.0,79,14.6,252,37.1
2026-06-26 20:00:00,29.8,75,24.9,1003.4,0.0,55,14.7,253,35.3
2026-06-26 21:00:00,29.6,77,25.0,1003.8,0.0,7,13.2,253,35.3
2026-06-26 22:00:00,29.4,77,25.0,1004.2,0.0,6,12.1,249,31.3
2026-06-26 23:00:00,29.4,76,24.7,1004.2,0.0,10,12.0,263,28.8
2026-06-27 00:00:00,29.2,77,24.6,1004.0,0.0,44,11.2,264,31.0
2026-06-27 01:00:00,29.1,77,24.7,1003.8,0.0,34,9.9,268,24.8
2026-06-27 02:00:00,28.9,78,24.7,1003.2,0.0,10,9.4,272,22.3
2026-06-27 03:00:00,28.9,77,24.5,1003.1,0.0,7,8.8,270,20.2
2026-06-27 04:00:00,28.8,77,24.4,1003.1,0.0,34,8.6,262,18.4
2026-06-27 05:00:00,29.0,78,24.8,1003.2,0.0,16,9.3,262,18.4
2026-06-27 06:00:00,28.8,79,24.8,1003.7,0.0,94,9.0,264,20.5
2026-06-27 07:00:00,29.4,75,24.6,1004.0,0.0,22,10.6,269,25.2
2026-06-27 08:00:00,30.2,72,24.5,1004.4,0.0,59,12.1,269,30.6
2026-06-27 09:00:00,30.9,68,24.4,1004.6,0.0,99,12.8,261,33.1
2026-06-27 10:00:00,31.3,67,24.5,1004.7,0.0,98,13.5,251,35.3
2026-06-27 11:00:00,31.7,66,24.5,1004.5,0.0,100,13.8,250,36.0
2026-06-27 12:00:00,31.7,66,24.5,1004.0,0.0,100,13.0,245,35.3
2026-06-27 13:00:00,32.4,64,24.7,1003.6,0.0,100,13.4,235,36.4
2026-06-27 14:00:00,31.7,67,24.8,1003.0,0.0,100,14.6,231,38.5
2026-06-27 15:00:00,31.3,69,25.0,1002.3,0.0,84,14.8,232,39.2
2026-06-27 16:00:00,31.1,70,25.0,1001.5,0.0,97,15.1,234,39.2
2026-06-27 17:00:00,31.3,68,24.8,1001.5,0.1,58,15.2,239,40.3
2026-06-27 18:00:00,30.6,71,24.8,1001.4,0.0,19,14.8,243,39.2
2026-06-27 19:00:00,30.0,73,24.7,1001.9,0.0,22,14.5,243,37.4
2026-06-27 20:00:00,29.6,75,24.8,1002.2,0.0,20,13.8,246,35.3
2026-06-27 21:00:00,29.4,77,24.9,1002.6,0.0,16,13.7,245,33.1
2026-06-27 22:00:00,29.3,77,24.9,1003.0,0.0,29,12.9,252,32.8
2026-06-27 23:00:00,29.1,79,25.1,1003.5,0.0,11,13.4,252,31.7
2026-06-28 00:00:00,28.9,79,24.9,1003.1,0.1,43,12.9,254,32.4
2026-06-28 01:00:00,28.6,82,25.3,1002.6,0.1,39,12.8,255,29.9
2026-06-28 02:00:00,28.5,83,25.3,1002.1,0.0,36,13.0,264,30.6
2026-06-28 03:00:00,28.3,84,25.4,1002.0,0.0,28,11.7,271,29.9
2026-06-28 04:00:00,28.3,84,25.4,1001.5,0.0,13,11.3,260,26.3
2026-06-28 05:00:00,29.0,79,24.9,1001.6,0.0,14,11.7,266,24.8
2026-06-28 06:00:00,28.9,79,24.9,1001.5,0.0,23,12.8,264,27.0
2026-06-28 07:00:00,29.2,78,24.9,1001.8,0.0,45,15.7,264,36.7
2026-06-28 08:00:00,29.9,74,24.8,1002.3,0.0,98,16.9,268,41.0
2026-06-28 09:00:00,30.7,70,24.6,1002.6,0.0,85,16.6,268,41.4
2026-06-28 10:00:00,31.5,66,24.3,1002.5,0.0,66,16.1,259,41.4
2026-06-28 11:00:00,32.1,63,24.3,1002.4,0.0,100,16.6,250,43.2
2026-06-28 12:00:00,31.9,65,24.4,1002.0,0.0,77,16.3,247,43.2
2026-06-28 13:00:00,31.9,64,24.2,1001.6,0.0,82,16.8,238,43.6
2026-06-28 14:00:00,31.9,65,24.4,1001.2,0.1,93,18.3,232,46.4
2026-06-28 15:00:00,31.1,68,24.6,1000.6,0.1,76,19.6,236,49.3
2026-06-28 16:00:00,31.1,69,24.7,1000.1,0.1,61,19.0,235,49.7
2026-06-28 17:00:00,30.7,70,24.7,999.6,0.0,63,19.6,237,48.6
2026-06-28 18:00:00,30.2,72,24.7,999.8,0.0,39,18.7,245,48.6
2026-06-28 19:00:00,29.7,75,24.7,1000.0,0.0,68,18.2,247,45.4
2026-06-28 20:00:00,29.6,75,24.6,1000.5,0.1,66,17.7,243,43.9
2026-06-28 21:00:00,29.4,76,24.7,1001.0,0.1,59,19.0,240,44.3
2026-06-28 22:00:00,29.3,77,24.9,1001.6,0.1,30,17.8,247,44.6
2026-06-28 23:00:00,29.0,78,24.8,1002.1,0.0,27,17.0,252,41.8
2026-06-29 00:00:00,28.8,80,25.0,1001.5,0.0,22,16.2,255,40.0
2026-06-29 01:00:00,28.6,81,25.1,1001.2,0.0,20,14.9,253,37.4
2026-06-29 02:00:00,28.5,82,25.1,1000.7,0.0,18,14.0,261,31.7
2026-06-29 03:00:00,28.3,82,25.0,1000.5,0.0,23,13.9,266,30.6
2026-06-29 04:00:00,28.2,83,24.9,1000.3,0.0,24,13.6,264,29.9
2026-06-29 05:00:00,28.3,82,24.9,1000.1,0.0,25,14.9,263,31.0
2026-06-29 06:00:00,28.2,82,24.9,1000.3,0.0,20,14.8,261,32.0
2026-06-29 07:00:00,28.8,79,24.7,1000.7,0.0,40,16.9,256,40.0
2026-06-29 08:00:00,29.6,74,24.5,1001.0,0.0,16,17.7,251,42.8
2026-06-29 09:00:00,30.3,70,24.3,1001.3,0.0,40,18.1,247,44.6
2026-06-29 10:00:00,30.9,67,24.0,1001.6,0.0,41,18.6,242,46.8
2026-06-29 11:00:00,31.7,62,23.5,1001.7,0.0,72,18.8,241,48.2
2026-06-29 12:00:00,31.8,60,23.2,1001.3,0.0,83,19.0,242,48.6
2026-06-29 13:00:00,32.2,59,23.3,1000.6,0.0,98,19.3,242,49.7
2026-06-29 14:00:00,32.1,60,23.3,1000.0,0.0,99,19.9,240,50.4
2026-06-29 15:00:00,31.6,62,23.3,999.5,0.0,95,19.3,243,50.4
2026-06-29 16:00:00,31.3,64,23.5,999.0,0.0,98,19.2,242,48.6
2026-06-29 17:00:00,30.9,64,23.3,999.0,0.0,95,18.7,254,47.9
2026-06-29 18:00:00,30.2,66,23.1,999.0,0.0,84,18.0,256,46.1
2026-06-29 19:00:00,29.8,69,23.4,999.1,0.0,72,17.8,252,44.3
2026-06-29 20:00:00,29.5,71,23.6,999.4,0.0,64,17.2,241,43.2
2026-06-29 21:00:00,29.2,74,24.2,1000.3,0.1,45,18.4,238,43.2
2026-06-29 22:00:00,29.2,75,24.4,1000.8,0.0,12,18.4,241,43.6
2026-06-29 23:00:00,29.1,74,24.1,1000.7,0.0,17,18.2,243,44.6
2026-06-30 00:00:00,28.9,76,24.2,1000.7,0.0,24,17.1,245,39.6
2026-06-30 01:00:00,28.8,76,24.2,1000.3,0.0,16,17.3,241,37.4
2026-06-30 02:00:00,28.7,77,24.3,999.8,0.0,12,16.2,243,37.4
2026-06-30 03:00:00,28.6,77,24.3,999.8,0.0,31,16.5,248,35.6
2026-06-30 04:00:00,28.6,77,24.3,999.7,0.0,30,17.2,252,36.7
2026-06-30 05:00:00,28.7,78,24.5,999.5,0.0,41,16.5,256,36.7
2026-06-30 06:00:00,28.7,79,24.7,999.7,0.0,36,16.3,253,35.3
2026-06-30 07:00:00,29.2,76,24.6,1000.1,0.0,28,19.0,251,44.3
2026-06-30 08:00:00,29.8,73,24.5,1000.2,0.0,38,19.8,251,47.5
2026-06-30 09:00:00,30.4,70,24.3,1000.5,0.1,63,20.9,249,50.8
2026-06-30 10:00:00,30.9,67,24.1,1000.9,0.2,100,20.3,247,50.8
2026-06-30 11:00:00,30.7,69,24.3,1000.7,0.2,97,19.4,248,50.0
2026-06-30 12:00:00,31.3,66,24.1,1000.5,0.0,39,18.9,243,47.9
2026-06-30 13:00:00,32.3,61,23.9,1000.0,0.0,51,18.9,239,48.6
2026-06-30 14:00:00,31.8,63,23.8,999.5,0.0,67,19.3,234,49.0
2026-06-30 15:00:00,31.4,66,24.2,999.0,0.1,65,20.2,231,51.1
2026-06-30 16:00:00,31.1,68,24.6,998.4,0.2,77,19.0,237,50.4
2026-06-30 17:00:00,31.6,61,23.3,998.4,0.2,66,18.9,248,47.2
2026-06-30 18:00:00,30.8,65,23.5,998.4,0.0,21,18.6,247,46.8
2026-06-30 19:00:00,30.0,70,24.0,998.3,0.0,47,18.4,238,45.0
2026-06-30 20:00:00,29.7,73,24.5,998.7,0.1,13,18.2,236,42.5
2026-06-30 21:00:00,29.6,75,24.6,999.3,0.0,19,18.8,240,43.9
2026-06-30 22:00:00,29.4,76,24.7,1000.2,0.0,25,18.1,245,44.3
2026-06-30 23:00:00,29.3,77,24.8,1000.1,0.0,36,17.1,253,38.9
2026-07-01 00:00:00,29.1,78,24.8,999.8,0.0,23,16.0,249,36.7
2026-07-01 01:00:00,28.9,79,24.9,999.7,0.0,35,15.3,251,34.6
2026-07-01 02:00:00,28.7,80,24.9,999.2,0.0,39,15.5,252,33.1
2026-07-01 03:00:00,28.7,80,25.0,999.0,0.0,23,15.3,257,33.1
2026-07-01 04:00:00,28.5,82,25.1,998.7,0.0,39,15.3,261,33.1
2026-07-01 05:00:00,28.5,85,25.6,998.5,0.0,38,15.4,263,32.4
2026-07-01 06:00:00,28.5,84,25.6,998.6,0.0,27,14.9,257,32.4
2026-07-01 07:00:00,28.9,82,25.5,998.9,0.0,38,15.4,259,36.0
2026-07-01 08:00:00,29.8,77,25.3,999.1,0.1,58,17.0,254,41.0
2026-07-01 09:00:00,30.6,71,24.8,999.4,0.1,59,18.2,252,44.3
2026-07-01 10:00:00,31.2,69,24.8,999.3,0.1,99,18.8,249,46.4
2026-07-01 11:00:00,31.1,69,24.8,999.4,0.1,100,18.0,245,47.9
2026-07-01 12:00:00,31.3,68,24.8,999.2,0.0,56,18.0,242,45.7
2026-07-01 13:00:00,31.8,67,24.9,998.6,0.1,93,18.2,237,46.8
2026-07-01 14:00:00,31.3,69,25.1,998.0,0.3,85,18.0,236,46.4
2026-07-01 15:00:00,31.3,70,25.1,997.7,0.1,50,18.0,236,45.7
2026-07-01 16:00:00,31.2,70,25.1,997.2,0.1,60,17.4,237,46.1
2026-07-01 17:00:00,31.4,69,25.0,997.1,0.2,38,16.4,239,43.9
2026-07-01 18:00:00,30.4,74,25.3,997.1,0.2,71,16.4,234,41.4
2026-07-01 19:00:00,29.9,78,25.5,997.3,0.1,48,17.8,230,42.5
2026-07-01 20:00:00,29.6,80,25.8,997.9,0.2,29,17.2,235,42.1
2026-07-01 21:00:00,29.4,81,25.8,998.9,0.0,20,16.3,241,41.4
2026-07-01 22:00:00,29.2,83,26.0,999.8,0.0,18,14.8,248,40.7
2026-07-01 23:00:00,29.6,80,25.8,999.5,0.0,34,14.0,246,32.4
2026-07-02 00:00:00,29.3,81,25.6,999.5,0.0,20,13.3,245,30.6
2026-07-02 01:00:00,29.2,81,25.6,999.4,0.0,48,13.4,248,28.8
2026-07-02 02:00:00,28.8,84,25.8,999.0,0.1,65,13.2,248,28.4
2026-07-02 03:00:00,28.7,85,25.9,998.8,0.1,30,12.7,259,28.4
2026-07-02 04:00:00,28.6,86,26.0,998.5,0.0,21,12.6,257,27.0
2026-07-02 05:00:00,28.6,87,26.3,998.4,0.0,47,12.1,255,27.7
2026-07-02 06:00:00,28.5,87,26.2,998.8,0.0,41,11.6,257,25.6
2026-07-02 07:00:00,29.0,84,26.1,999.3,0.0,26,11.8,254,29.5
2026-07-02 08:00:00,29.9,78,25.8,999.6,0.0,22,12.3,248,30.6
2026-07-02 09:00:00,30.7,74,25.5,999.9,0.2,75,13.7,237,34.9
2026-07-02 10:00:00,31.2,72,25.5,1000.4,0.1,41,14.0,233,36.4
2026-07-02 11:00:00,32.0,68,25.3,1000.3,0.2,59,15.1,237,40.3
2026-07-02 12:00:00,32.1,67,25.3,1000.1,0.1,45,15.7,236,41.0
2026-07-02 13:00:00,32.3,67,25.3,999.8,0.1,44,15.4,233,41.4
2026-07-02 14:00:00,32.4,66,25.3,999.4,0.0,35,15.9,231,41.8
2026-07-02 15:00:00,32.2,67,25.3,998.9,0.0,23,16.1,237,42.1
2026-07-02 16:00:00,31.8,68,25.1,998.3,0.1,65,16.5,236,42.5
2026-07-02 17:00:00,31.3,70,25.3,998.5,0.1,34,15.9,236,42.8
2026-07-02 18:00:00,30.6,73,25.2,999.0,0.0,33,13.8,239,39.6
2026-07-02 19:00:00,30.1,75,25.2,999.8,0.1,46,12.9,243,34.6
2026-07-02 20:00:00,29.6,79,25.5,1000.0,0.1,35,13.6,239,32.8
2026-07-02 21:00:00,29.4,81,25.8,1000.9,0.0,9,12.5,237,33.1
2026-07-02 22:00:00,29.3,81,25.8,1001.7,0.0,13,12.0,238,29.9
2026-07-02 23:00:00,29.2,82,25.7,1001.9,0.0,60,14.0,241,33.1
2026-07-03 00:00:00,28.9,82,25.6,1001.3,0.0,52,12.6,251,34.9
2026-07-03 01:00:00,28.8,83,25.5,1000.9,0.0,51,12.9,255,31.7
2026-07-03 02:00:00,28.7,84,25.6,1000.6,0.0,36,13.4,252,29.9
2026-07-03 03:00:00,28.6,84,25.6,1000.3,0.0,39,13.1,255,28.8
2026-07-03 04:00:00,28.5,84,25.5,1000.3,0.0,57,12.7,264,27.7
2026-07-03 05:00:00,28.8,86,26.2,1000.2,0.0,14,12.0,278,26.6
2026-07-03 06:00:00,28.7,86,26.2,1000.6,0.0,30,10.7,278,25.2
2026-07-03 07:00:00,29.2,82,25.9,1001.5,0.0,45,11.0,276,26.3
2026-07-03 08:00:00,30.3,76,25.7,1001.7,0.0,10,12.5,266,30.6
2026-07-03 09:00:00,31.3,71,25.4,1001.8,0.0,14,14.7,259,37.4
2026-07-03 10:00:00,32.2,66,25.0,1002.1,0.0,42,15.6,262,40.7
2026-07-03 11:00:00,32.9,60,24.2,1002.3,0.0,100,15.5,265,42.1
2026-07-03 12:00:00,32.6,62,24.4,1001.9,0.0,90,15.2,256,40.0
2026-07-03 13:00:00,32.8,62,24.5,1001.3,0.0,88,15.7,250,41.0
2026-07-03 14:00:00,32.8,61,24.4,1000.8,0.0,54,15.8,241,41.8
2026-07-03 15:00:00,32.5,64,24.7,1000.3,0.0,38,15.8,234,42.1
2026-07-03 16:00:00,32.2,65,24.8,999.8,0.0,34,15.3,236,41.8
2026-07-03 17:00:00,31.7,66,24.5,999.4,0.0,68,14.7,243,40.0
2026-07-03 18:00:00,30.7,71,24.9,999.4,0.0,86,15.7,238,38.5
2026-07-03 19:00:00,30.1,74,25.1,999.9,0.0,43,14.5,245,38.5
2026-07-03 20:00:00,29.9,75,25.0,1000.2,0.0,79,15.8,243,37.4
2026-07-03 21:00:00,29.7,78,25.4,1001.0,0.0,98,15.2,241,37.1
2026-07-03 22:00:00,29.5,79,25.5,1001.6,0.1,55,17.0,248,40.7
2026-07-03 23:00:00,29.4,78,25.1,1001.6,0.0,95,17.2,264,40.3
2026-07-04 00:00:00,29.2,80,25.3,1001.6,0.0,83,15.5,270,40.7
2026-07-04 01:00:00,29.0,81,25.5,1001.2,0.0,27,15.7,272,36.4
2026-07-04 02:00:00,28.9,82,25.5,1000.2,0.0,4,13.5,272,35.6
2026-07-04 03:00:00,28.7,82,25.4,999.7,0.0,31,14.6,273,31.3
2026-07-04 04:00:00,28.6,83,25.4,999.4,0.0,62,14.6,275,31.3
2026-07-04 05:00:00,29.0,80,25.3,999.2,0.0,95,13.5,274,33.8
2026-07-04 06:00:00,29.0,81,25.4,999.8,0.0,46,14.9,277,32.0
2026-07-04 07:00:00,29.4,79,25.4,1000.4,0.0,48,15.3,278,35.6
2026-07-04 08:00:00,30.2,75,25.3,1000.6,0.0,71,16.2,274,39.2
2026-07-04 09:00:00,30.9,71,25.1,1000.4,0.0,80,17.2,275,42.1
2026-07-04 10:00:00,32.1,65,24.7,999.9,0.0,63,16.2,269,42.8
2026-07-04 11:00:00,32.0,66,24.7,1000.4,0.0,100,16.8,260,42.1
2026-07-04 12:00:00,32.0,66,24.9,999.8,0.0,100,16.7,256,43.2
2026-07-04 13:00:00,32.0,66,24.9,999.2,0.1,100,17.0,253,43.2
2026-07-04 14:00:00,32.1,67,25.2,998.3,0.0,100,17.5,246,44.3
2026-07-04 15:00:00,32.3,67,25.3,997.8,0.0,100,17.6,243,45.0
2026-07-04 16:00:00,31.9,69,25.4,997.2,0.0,84,16.8,246,45.0
2026-07-04 17:00:00,31.4,72,25.7,996.8,0.0,87,15.7,251,42.5
2026-07-04 18:00:00,30.7,75,25.6,996.8,0.0,100,14.7,242,39.2
2026-07-04 19:00:00,29.8,79,25.8,997.2,0.0,76,14.7,243,36.7
2026-07-04 20:00:00,29.5,81,25.8,997.9,0.0,23,13.5,243,35.6
2026-07-04 21:00:00,29.2,82,25.8,998.6,0.0,38,15.9,254,38.5
2026-07-04 22:00:00,29.2,83,26.0,998.9,0.1,23,15.4,256,37.4
2026-07-04 23:00:00,29.3,82,25.9,998.8,0.0,36,13.8,263,35.6
2026-07-05 00:00:00,29.0,84,26.1,998.7,0.0,71,13.4,266,32.8
2026-07-05 01:00:00,28.7,86,26.1,998.2,0.0,77,13.3,267,30.6
2026-07-05 02:00:00,28.6,86,26.1,998.0,0.0,99,12.6,267,31.0
2026-07-05 03:00:00,28.6,85,25.9,997.9,0.0,98,12.1,266,28.1
2026-07-05 04:00:00,28.6,84,25.7,997.7,0.0,97,12.8,265,29.9
2026-07-05 05:00:00,28.4,87,25.9,997.2,0.0,58,11.9,275,29.5
2026-07-05 06:00:00,28.5,86,25.8,997.8,0.0,34,12.5,277,26.6
2026-07-05 07:00:00,28.9,83,25.8,997.9,0.0,48,13.7,272,31.3
2026-07-05 08:00:00,29.9,77,25.4,997.9,0.0,73,15.5,269,37.1
2026-07-05 09:00:00,31.1,69,24.9,998.0,0.0,59,18.5,285,45.4
2026-07-05 10:00:00,32.1,64,24.4,997.7,0.0,65,15.9,279,45.0
2026-07-05 11:00:00,32.5,61,24.1,998.4,0.0,59,14.9,261,40.7
2026-07-05 12:00:00,32.9,60,24.2,998.2,0.0,69,14.7,256,39.2
2026-07-05 13:00:00,33.2,59,24.2,997.4,0.0,78,15.8,246,41.4
2026-07-05 14:00:00,33.2,60,24.5,996.7,0.0,82,16.1,238,42.5
2026-07-05 15:00:00,32.8,63,24.9,996.5,0.0,96,16.4,234,42.8
2026-07-05 16:00:00,32.0,67,25.2,995.8,0.0,73,16.8,229,43.2
2026-07-05 17:00:00,31.9,68,25.4,995.7,0.0,48,15.4,228,43.2
2026-07-05 18:00:00,31.0,72,25.4,996.1,0.0,83,15.7,232,40.3
2026-07-05 19:00:00,30.6,74,25.4,996.6,0.0,93,16.0,237,39.2
2026-07-05 20:00:00,30.2,76,25.6,997.4,0.1,100,16.0,243,39.6
2026-07-05 21:00:00,29.8,80,26.0,997.9,0.0,84,12.9,250,38.2
2026-07-05 22:00:00,29.6,82,26.1,998.5,0.0,93,11.5,256,30.6
2026-07-05 23:00:00,29.8,80,26.1,998.3,0.0,99,11.0,268,27.4
2026-07-06 00:00:00,29.4,83,26.2,997.9,0.0,98,10.6,260,25.9
2026-07-06 01:00:00,29.0,86,26.5,997.3,0.0,97,9.2,254,25.2
2026-07-06 02:00:00,29.0,87,26.6,997.0,0.0,98,9.0,250,21.6
2026-07-06 03:00:00,28.7,89,26.7,996.8,0.0,98,10.0,255,23.0
2026-07-06 04:00:00,28.6,90,26.7,996.8,0.0,98,9.6,265,23.8
2026-07-06 05:00:00,28.7,89,26.8,996.5,0.0,54,11.2,260,22.0
2026-07-06 06:00:00,28.8,88,26.7,997.0,0.0,100,11.0,270,24.1
2026-07-06 07:00:00,29.2,86,26.6,997.7,0.0,41,10.3,268,24.5
2026-07-06 08:00:00,30.3,80,26.4,998.0,0.0,32,10.5,262,26.6
2026-07-06 09:00:00,31.6,72,25.9,998.1,0.0,24,12.0,263,31.0
2026-07-06 10:00:00,32.6,67,25.7,997.9,0.0,15,12.6,260,33.8
2026-07-06 11:00:00,33.1,62,24.9,998.2,0.0,21,11.4,252,34.2
2026-07-06 12:00:00,33.3,63,25.3,997.6,0.0,16,12.1,232,34.2
2026-07-06 13:00:00,33.3,64,25.6,996.8,0.0,5,13.1,229,37.1
2026-07-06 14:00:00,33.2,66,25.9,996.2,0.0,2,14.4,227,39.6
2026-07-06 15:00:00,32.6,69,26.1,995.7,0.0,1,14.2,219,40.0
2026-07-06 16:00:00,32.1,70,26.1,995.5,0.0,1,13.0,223,39.2
2026-07-06 17:00:00,31.8,72,26.2,995.1,0.0,5,13.3,228,36.0
2026-07-06 18:00:00,30.9,76,26.3,995.4,0.0,16,13.4,228,35.3
2026-07-06 19:00:00,30.0,81,26.4,995.5,0.0,17,13.9,224,34.9
2026-07-06 20:00:00,29.8,81,26.2,995.9,0.0,75,12.8,220,34.6
2026-07-06 21:00:00,29.9,80,26.1,997.2,0.0,40,9.6,250,30.6
2026-07-06 22:00:00,29.8,81,26.3,997.7,0.0,41,7.5,233,23.8
2026-07-06 23:00:00,29.7,81,26.1,997.6,0.0,43,7.8,226,19.8
2026-07-07 00:00:00,29.3,83,26.2,997.4,0.0,48,6.2,224,19.1
2026-07-07 01:00:00,29.1,85,26.3,997.1,0.0,25,5.7,233,15.8
2026-07-07 02:00:00,28.8,87,26.3,996.9,0.0,18,2.9,223,14.4
2026-07-07 03:00:00,28.5,88,26.3,996.3,0.0,4,5.6,182,13.0
2026-07-07 04:00:00,28.4,89,26.5,995.8,0.0,17,7.3,171,15.5
2026-07-07 05:00:00,28.7,91,27.1,997.3,0.0,32,9.7,227,16.2
2026-07-07 06:00:00,28.6,92,27.2,997.5,0.0,41,8.4,227,23.0
2026-07-07 07:00:00,29.4,87,27.1,997.8,0.0,45,9.6,232,22.7
2026-07-07 08:00:00,30.2,83,26.9,997.6,0.0,39,11.2,238,28.4
2026-07-07 09:00:00,31.1,77,26.6,997.7,0.0,28,10.1,237,28.4
2026-07-07 10:00:00,32.2,71,26.3,997.5,0.0,27,10.4,233,29.5
2026-07-07 11:00:00,32.8,67,25.8,997.5,0.0,17,11.4,235,32.8
2026-07-07 12:00:00,33.5,65,26.0,996.8,0.0,13,10.3,227,32.8
2026-07-07 13:00:00,33.7,66,26.4,996.3,0.0,4,11.3,209,32.8
2026-07-07 14:00:00,32.9,70,26.7,995.9,0.0,14,14.5,203,40.0
2026-07-07 15:00:00,32.5,69,26.1,995.5,0.0,15,13.6,209,40.7
2026-07-07 16:00:00,32.2,70,26.2,995.0,0.0,26,11.8,218,37.8
2026-07-07 17:00:00,32.2,70,26.1,995.5,0.0,62,9.6,214,33.5
2026-07-07 18:00:00,31.1,77,26.5,995.1,0.0,73,12.1,195,31.7
2026-07-07 19:00:00,30.3,83,27.0,995.2,0.0,94,16.5,188,40.0
2026-07-07 20:00:00,30.1,83,26.9,996.5,0.0,75,13.9,213,40.7
2026-07-07 21:00:00,30.0,84,26.9,996.9,0.0,38,11.6,206,33.5
2026-07-07 22:00:00,29.7,85,27.0,997.6,0.0,46,9.8,220,28.4
2026-07-07 23:00:00,29.7,84,26.8,997.6,0.0,75,11.4,241,27.0
2026-07-08 00:00:00,29.4,86,26.8,997.1,0.0,91,11.4,239,28.4
2026-07-08 01:00:00,29.3,85,26.6,996.7,0.0,97,10.9,241,27.4
2026-07-08 02:00:00,29.2,87,26.7,996.6,0.0,98,9.2,242,26.3
2026-07-08 03:00:00,29.1,87,26.7,996.2,0.0,98,10.4,247,24.8
2026-07-08 04:00:00,28.9,89,26.8,995.8,0.0,97,10.5,258,25.6
2026-07-08 05:00:00,28.7,90,26.9,995.7,0.0,91,11.0,260,24.8
2026-07-08 06:00:00,28.5,89,26.5,995.7,0.0,84,10.6,260,25.9
2026-07-08 07:00:00,29.0,85,26.2,996.4,0.0,95,11.1,254,26.6
2026-07-08 08:00:00,30.0,78,25.8,996.9,0.0,77,11.9,255,30.2
2026-07-08 09:00:00,31.3,71,25.3,997.2,0.0,13,10.8,249,30.6
2026-07-08 10:00:00,32.0,68,25.3,997.4,0.0,45,11.8,230,32.4
2026-07-08 11:00:00,32.0,68,25.4,997.3,0.0,87,15.5,228,38.5
2026-07-08 12:00:00,32.1,68,25.4,997.3,0.0,90,16.6,227,42.8
2026-07-08 13:00:00,32.0,69,25.6,996.8,0.0,94,17.1,229,44.3
2026-07-08 14:00:00,32.1,69,25.6,996.3,0.0,96,18.0,228,46.4
2026-07-08 15:00:00,32.1,70,25.9,995.9,0.0,96,18.0,231,47.5
2026-07-08 16:00:00,31.7,72,26.1,995.2,0.0,93,18.4,231,47.2
2026-07-08 17:00:00,31.2,74,26.0,995.4,0.0,87,19.4,236,47.2
2026-07-08 18:00:00,30.3,77,25.8,995.5,0.0,100,19.3,237,48.2
2026-07-08 19:00:00,29.6,80,25.8,995.8,0.0,98,18.2,237,47.5
2026-07-08 20:00:00,29.4,80,25.5,996.4,0.0,89,17.2,232,43.2
2026-07-08 21:00:00,29.1,82,25.8,997.3,0.0,74,15.6,231,40.3
2026-07-08 22:00:00,29.0,82,25.7,998.2,0.0,54,15.0,243,37.1
2026-07-08 23:00:00,29.3,81,25.6,998.0,0.0,37,14.5,253,35.6
2026-07-09 00:00:00,28.9,83,25.8,997.7,0.1,50,15.1,255,35.6
2026-07-09 01:00:00,28.9,83,25.7,997.7,0.1,41,15.6,253,36.4
2026-07-09 02:00:00,28.5,88,26.3,997.2,0.0,48,13.9,256,36.7
2026-07-09 03:00:00,28.4,88,26.2,997.3,0.0,62,13.5,257,33.8
2026-07-09 04:00:00,28.2,88,26.1,997.3,0.0,51,14.6,249,31.0
2026-07-09 05:00:00,28.5,87,26.1,997.6,0.0,46,15.2,246,33.5
2026-07-09 06:00:00,28.4,87,26.0,998.0,0.0,38,15.4,247,33.5
2026-07-09 07:00:00,28.9,84,25.9,998.5,0.0,54,17.3,250,40.3
2026-07-09 08:00:00,29.7,78,25.6,998.9,0.1,44,18.2,252,43.6
2026-07-09 09:00:00,30.4,74,25.2,999.3,0.1,57,19.2,251,46.8
2026-07-09 10:00:00,31.0,71,25.1,999.4,0.0,59,19.5,249,48.2
2026-07-09 11:00:00,31.7,66,24.6,999.9,0.0,42,19.9,247,49.3
2026-07-09 12:00:00,31.8,64,24.2,999.8,0.0,58,19.9,245,50.4
2026-07-09 13:00:00,32.0,64,24.3,999.6,0.0,77,19.7,240,50.4
2026-07-09 14:00:00,31.8,64,24.2,999.4,0.0,81,20.2,234,50.8
2026-07-09 15:00:00,31.5,67,24.6,999.3,0.0,66,21.4,231,53.3
2026-07-09 16:00:00,31.0,68,24.5,999.0,0.0,59,20.7,231,53.3
2026-07-09 17:00:00,30.8,67,23.8,999.0,0.0,72,19.9,232,52.2
2026-07-09 18:00:00,29.9,72,24.2,999.3,0.0,50,19.1,234,49.3
2026-07-09 19:00:00,29.4,74,24.3,999.8,0.0,38,18.1,238,46.1
2026-07-09 20:00:00,29.3,73,24.1,1000.4,0.0,47,17.6,236,43.6
2026-07-09 21:00:00,29.1,76,24.4,1000.8,0.0,56,19.6,232,46.1
2026-07-09 22:00:00,28.9,77,24.5,1001.7,0.0,45,17.7,237,46.8
2026-07-09 23:00:00,29.2,78,25.0,1001.5,0.1,24,17.2,244,40.7
2026-07-10 00:00:00,28.7,82,25.3,1001.5,0.0,20,18.3,244,42.1
2026-07-10 01:00:00,28.4,84,25.4,1001.3,0.0,28,17.3,246,41.8
2026-07-10 02:00:00,28.3,83,25.2,1000.8,0.0,48,16.9,243,40.3
2026-07-10 03:00:00,28.3,83,25.2,1000.8,0.0,40,18.4,244,38.9
2026-07-10 04:00:00,28.1,84,25.1,1000.6,0.0,91,19.2,248,41.0
2026-07-10 05:00:00,28.5,83,25.4,1000.9,0.0,38,19.1,250,42.5
2026-07-10 06:00:00,28.3,83,25.1,1001.1,0.0,47,18.6,253,41.4
2026-07-10 07:00:00,28.6,81,25.1,1001.5,0.1,59,20.8,253,47.9
2026-07-10 08:00:00,29.4,76,24.7,1002.3,0.1,76,21.8,252,51.1
2026-07-10 09:00:00,30.0,73,24.7,1002.5,0.1,91,22.4,251,53.3
2026-07-10 10:00:00,30.4,71,24.7,1002.7,0.1,99,22.1,251,54.0
2026-07-10 11:00:00,30.9,68,24.4,1002.9,0.1,100,22.2,249,54.7
2026-07-10 12:00:00,30.9,67,24.1,1002.7,0.0,98,22.8,246,55.8
2026-07-10 13:00:00,31.0,69,24.6,1002.4,0.1,99,23.5,244,58.0
2026-07-10 14:00:00,30.5,71,24.7,1001.8,0.0,97,23.3,243,58.3
2026-07-10 15:00:00,31.0,68,24.5,1001.3,0.1,99,23.7,239,58.0
2026-07-10 16:00:00,30.2,74,24.9,1001.1,0.0,77,23.7,241,58.3
2026-07-10 17:00:00,30.6,70,24.6,1000.8,0.0,62,23.6,246,56.9
2026-07-10 18:00:00,29.9,74,24.7,1000.7,0.0,98,24.0,247,57.6
2026-07-10 19:00:00,29.3,77,24.9,1001.0,0.1,98,23.2,251,56.9
2026-07-10 20:00:00,29.0,80,25.2,1001.3,0.0,98,21.5,250,54.0
2026-07-10 21:00:00,28.6,83,25.4,1001.7,0.0,88,20.7,246,50.0
2026-07-10 22:00:00,28.4,84,25.4,1002.3,0.0,95,20.1,246,47.2
2026-07-10 23:00:00,28.5,84,25.5,1001.7,0.0,29,19.0,255,50.0
2026-07-11 00:00:00,28.3,85,25.4,1001.5,0.0,30,18.3,253,48.2
2026-07-11 01:00:00,28.1,85,25.4,1000.8,0.0,21,19.4,247,42.1
2026-07-11 02:00:00,28.1,86,25.5,1000.3,0.0,11,21.7,242,46.8
2026-07-11 03:00:00,28.1,86,25.5,1000.1,0.0,38,21.9,246,47.5
2026-07-11 04:00:00,28.1,86,25.5,1000.0,0.0,38,21.6,251,47.2
2026-07-11 05:00:00,27.9,87,25.6,1000.0,0.0,38,23.1,251,47.2
2026-07-11 06:00:00,27.9,87,25.5,1000.2,0.0,52,21.5,254,50.0
2026-07-11 07:00:00,28.3,84,25.4,1000.4,0.1,52,22.4,255,51.8
2026-07-11 08:00:00,29.1,79,25.0,1000.7,0.1,41,24.0,256,56.2
2026-07-11 09:00:00,30.1,73,24.7,1000.8,0.1,95,23.9,254,57.2
2026-07-11 10:00:00,30.6,70,24.6,1000.8,0.1,98,25.0,249,59.4
2026-07-11 11:00:00,30.7,70,24.7,1000.7,0.1,87,24.9,248,59.8
2026-07-11 12:00:00,31.0,69,24.6,1000.1,0.0,96,24.4,243,61.2
2026-07-11 13:00:00,31.1,68,24.6,999.5,0.0,99,23.2,239,59.0
2026-07-11 14:00:00,30.8,70,24.8,999.0,0.1,98,23.3,234,58.0
2026-07-11 15:00:00,30.6,72,24.9,998.6,0.1,90,24.1,231,58.7
2026-07-11 16:00:00,30.4,73,24.9,998.1,0.1,55,24.0,230,58.3
2026-07-11 17:00:00,30.2,73,24.9,997.8,0.1,52,24.1,232,57.6
2026-07-11 18:00:00,29.7,76,25.1,997.9,0.0,32,22.4,232,57.6
2026-07-11 19:00:00,28.9,82,25.6,997.7,0.0,27,19.5,225,53.3
2026-07-11 20:00:00,28.5,85,25.8,998.0,0.0,14,17.2,222,45.0
2026-07-11 21:00:00,28.5,85,25.6,998.8,0.0,20,16.1,233,40.3
2026-07-11 22:00:00,28.4,85,25.6,999.3,0.0,63,14.2,238,36.7
2026-07-11 23:00:00,28.8,83,25.6,998.7,0.0,77,15.9,235,33.8
2026-07-12 00:00:00,28.5,85,25.7,998.2,0.0,80,16.7,237,36.4
2026-07-12 01:00:00,28.4,85,25.7,997.6,0.0,95,17.4,240,38.2
2026-07-12 02:00:00,28.3,85,25.6,996.9,0.0,90,17.2,240,38.2
2026-07-12 03:00:00,28.1,86,25.5,996.4,0.0,4,16.4,243,37.4
2026-07-12 04:00:00,28.1,85,25.3,995.8,0.0,0,16.3,242,36.0
2026-07-12 05:00:00,28.4,85,25.6,995.1,0.0,74,18.8,241,35.3
2026-07-12 06:00:00,28.4,85,25.6,995.4,0.0,29,18.3,242,40.7
2026-07-12 07:00:00,28.9,83,25.7,995.6,0.0,2,15.9,239,39.6
2026-07-12 08:00:00,29.9,78,25.5,995.7,0.0,1,19.0,237,44.3
2026-07-12 09:00:00,30.8,74,25.5,995.8,0.0,9,19.7,233,47.9
2026-07-12 10:00:00,31.6,71,25.7,995.4,0.0,13,19.7,230,49.3
2026-07-12 11:00:00,31.5,71,25.5,995.6,0.0,30,22.6,245,52.6
2026-07-12 12:00:00,32.2,67,25.4,995.2,0.0,7,20.3,241,55.4
2026-07-12 13:00:00,32.8,66,25.5,994.8,0.0,0,20.1,236,51.1
2026-07-12 14:00:00,32.8,66,25.5,994.3,0.0,0,20.4,233,51.8
2026-07-12 15:00:00,32.6,65,25.2,993.8,0.0,11,21.1,233,52.6
2026-07-12 16:00:00,32.2,67,25.2,993.4,0.0,2,19.7,234,52.9
2026-07-12 17:00:00,31.3,71,25.3,993.9,0.0,2,17.8,219,49.0
2026-07-12 18:00:00,30.4,74,25.3,994.2,0.0,2,16.6,221,43.9
2026-07-12 19:00:00,29.7,77,25.3,994.8,0.0,2,13.8,221,40.0
2026-07-12 20:00:00,29.4,79,25.3,995.5,0.0,6,13.4,212,32.8
2026-07-12 21:00:00,29.1,80,25.2,996.2,0.0,41,15.7,224,35.3
2026-07-12 22:00:00,29.0,80,25.2,996.6,0.0,23,15.1,225,35.6
2026-07-12 23:00:00,29.4,78,25.3,996.9,0.0,54,15.8,229,35.6
2026-07-13 00:00:00,29.1,80,25.2,996.8,0.0,47,14.9,236,34.6
2026-07-13 01:00:00,29.0,80,25.2,996.9,0.0,27,14.2,240,32.8
2026-07-13 02:00:00,28.9,79,24.9,996.2,0.0,48,16.3,236,36.0
2026-07-13 03:00:00,28.8,79,24.9,995.9,0.0,31,16.7,237,36.4
2026-07-13 04:00:00,28.8,79,24.7,995.8,0.0,84,17.6,239,38.2
2026-07-13 05:00:00,28.8,80,25.0,996.3,0.0,100,15.5,238,38.2
2026-07-13 06:00:00,28.7,81,25.1,996.6,0.0,98,15.5,237,34.2
2026-07-13 07:00:00,29.1,79,25.1,997.3,0.0,100,14.2,240,34.6
2026-07-13 08:00:00,30.0,73,24.7,997.8,0.0,99,17.3,240,41.0
2026-07-13 09:00:00,30.7,70,24.6,998.2,0.0,43,18.7,239,46.1
2026-07-13 10:00:00,31.3,67,24.5,998.4,0.0,49,19.4,237,48.6
2026-07-13 11:00:00,31.9,66,24.8,999.1,0.0,82,19.5,234,50.0
2026-07-13 12:00:00,31.9,66,24.8,999.2,0.0,66,20.4,231,52.6
2026-07-13 13:00:00,31.7,67,24.8,999.1,0.0,58,22.4,228,56.5
2026-07-13 14:00:00,31.4,68,24.8,998.8,0.0,94,22.4,224,56.9
2026-07-13 15:00:00,31.1,69,24.7,998.5,0.0,70,22.7,224,57.2
2026-07-13 16:00:00,30.6,71,24.7,998.1,0.1,40,22.1,224,56.9
2026-07-13 17:00:00,30.2,73,24.9,998.2,0.1,59,21.6,221,55.1
2026-07-13 18:00:00,29.5,76,24.8,998.5,0.1,23,21.0,219,52.6
2026-07-13 19:00:00,28.9,78,24.7,999.2,0.3,41,21.8,214,50.8
2026-07-13 20:00:00,28.4,81,24.8,999.9,0.4,56,21.1,217,50.8
2026-07-13 21:00:00,28.3,81,24.7,1000.6,0.2,34,20.6,224,49.3
2026-07-13 22:00:00,28.0,83,24.7,1001.2,0.0,44,19.3,230,47.5
2026-07-13 23:00:00,28.3,84,25.2,1000.9,0.1,23,16.8,235,44.6
2026-07-14 00:00:00,28.0,86,25.4,1000.9,0.0,20,15.6,236,36.0
2026-07-14 01:00:00,27.9,87,25.6,1000.4,0.0,13,16.9,226,36.0
2026-07-14 02:00:00,27.7,88,25.5,1000.0,0.1,34,17.1,233,37.4
2026-07-14 03:00:00,27.7,87,25.3,999.5,0.0,30,18.1,235,38.5
2026-07-14 04:00:00,27.5,88,25.3,999.5,0.0,33,17.5,238,38.9
2026-07-14 05:00:00,27.8,88,25.6,999.6,0.0,30,16.7,235,38.5
2026-07-14 06:00:00,27.8,87,25.4,999.9,0.0,50,17.2,236,36.7
2026-07-14 07:00:00,28.1,84,25.2,1000.3,0.1,77,18.6,240,44.6
2026-07-14 08:00:00,28.7,81,25.1,1000.7,0.2,97,19.7,242,46.1
2026-07-14 09:00:00,29.4,77,25.0,1001.0,0.2,100,19.2,236,46.8
2026-07-14 10:00:00,29.6,77,25.2,1001.5,0.2,99,19.9,235,49.0
2026-07-14 11:00:00,30.3,72,24.7,1001.6,0.2,63,19.7,237,49.0
2026-07-14 12:00:00,30.7,71,24.9,1001.5,0.2,48,19.6,234,49.7
2026-07-14 13:00:00,30.8,71,24.9,1001.3,0.2,49,19.2,232,49.3
2026-07-14 14:00:00,30.5,73,25.0,1000.9,0.1,54,19.4,230,49.3
2026-07-14 15:00:00,30.2,73,24.9,1000.6,0.2,81,19.7,227,50.0
2026-07-14 16:00:00,29.7,74,24.7,1000.5,0.3,98,20.4,226,50.0
2026-07-14 17:00:00,30.0,72,24.5,1000.2,0.4,98,19.0,227,49.7
2026-07-14 18:00:00,29.1,77,24.6,1000.4,0.2,99,17.0,231,45.7
2026-07-14 19:00:00,28.7,79,24.7,1000.7,0.1,98,16.4,232,40.0
2026-07-14 20:00:00,28.3,84,25.2,1000.8,0.1,79,18.5,227,41.8
2026-07-14 21:00:00,28.1,84,25.1,1001.7,0.0,27,16.3,228,42.8
2026-07-14 22:00:00,28.2,81,24.7,1002.4,0.0,64,15.3,232,34.9
2026-07-14 23:00:00,28.4,80,24.6,1002.0,0.0,38,14.8,234,32.4
2026-07-15 00:00:00,28.2,80,24.3,1002.1,0.0,26,14.8,238,31.7
2026-07-15 01:00:00,27.9,81,24.4,1001.9,0.0,45,15.0,243,32.0
2026-07-15 02:00:00,27.6,85,24.8,1001.3,0.0,95,16.1,248,34.2
2026-07-15 03:00:00,27.6,86,24.9,1001.1,0.0,99,15.7,254,35.3
2026-07-15 04:00:00,27.4,87,25.0,1000.8,0.0,87,14.0,255,33.5
2026-07-15 05:00:00,28.0,84,25.1,1001.1,0.0,90,13.0,256,29.9
2026-07-15 06:00:00,28.0,81,24.3,1000.9,0.0,71,13.2,250,28.1
2026-07-15 07:00:00,28.3,79,24.4,1001.5,0.0,43,13.8,249,32.4
2026-07-15 08:00:00,29.0,74,24.0,1001.7,0.0,69,15.9,250,38.2
2026-07-15 09:00:00,29.7,71,23.8,1002.1,0.1,54,15.9,250,40.0
2026-07-15 10:00:00,30.4,68,23.8,1002.3,0.1,66,15.7,243,40.7
2026-07-15 11:00:00,30.9,66,23.9,1002.5,0.2,74,16.4,237,42.1
2026-07-15 12:00:00,30.7,68,24.2,1002.3,0.1,54,16.5,232,43.2
2026-07-15 13:00:00,30.9,68,24.3,1002.0,0.0,44,17.1,228,44.6
2026-07-15 14:00:00,31.0,67,24.2,1001.5,0.0,41,16.2,224,44.6
2026-07-15 15:00:00,30.7,67,24.0,1001.5,0.1,56,15.9,222,42.8
2026-07-15 16:00:00,30.2,69,24.0,1001.2,0.1,55,15.5,222,42.1
2026-07-15 17:00:00,30.5,68,23.9,1001.4,0.2,68,15.5,230,40.3
2026-07-15 18:00:00,29.7,72,24.2,1001.4,0.1,68,13.8,233,38.5
2026-07-15 19:00:00,29.1,76,24.4,1001.5,0.0,98,13.7,235,34.2
2026-07-15 20:00:00,28.6,79,24.6,1001.9,0.0,95,13.6,231,33.8
2026-07-15 21:00:00,28.2,82,24.8,1002.4,0.0,91,12.5,226,33.1
2026-07-15 22:00:00,28.0,83,24.9,1002.9,0.1,61,13.1,227,31.3
2026-07-15 23:00:00,28.1,83,25.0,1003.2,0.1,50,11.2,238,30.6
2026-07-16 00:00:00,27.9,84,24.9,1003.1,0.0,35,9.9,241,25.9
2026-07-16 01:00:00,27.7,85,24.9,1003.0,0.0,30,9.2,247,20.9
2026-07-16 02:00:00,27.5,85,24.8,1002.6,0.0,25,9.2,244,19.4
2026-07-16 03:00:00,27.2,87,24.9,1002.4,0.0,56,9.5,243,19.8
2026-07-16 04:00:00,27.3,87,24.9,1002.1,0.0,52,10.0,247,21.2
2026-07-16 05:00:00,27.5,89,25.5,1002.3,0.0,27,9.6,258,21.2
2026-07-16 06:00:00,27.3,90,25.5,1002.8,0.0,29,9.2,259,19.8
2026-07-16 07:00:00,27.3,90,25.6,1003.3,0.1,45,11.3,257,25.9
2026-07-16 08:00:00,28.6,82,25.2,1003.6,0.1,28,12.9,247,31.7
2026-07-16 09:00:00,29.6,75,24.8,1003.8,0.0,56,13.2,240,33.8
2026-07-16 10:00:00,30.2,71,24.4,1003.9,0.1,100,14.4,237,37.8
2026-07-16 11:00:00,31.1,66,24.1,1004.0,0.2,92,13.3,243,39.2
2026-07-16 12:00:00,31.2,66,24.0,1003.6,0.0,41,12.9,233,35.6
2026-07-16 13:00:00,31.6,65,24.1,1003.0,0.0,72,13.4,221,36.7
2026-07-16 14:00:00,31.1,67,24.3,1002.7,0.0,29,13.7,214,37.8
2026-07-16 15:00:00,31.0,68,24.3,1002.2,0.0,16,14.0,210,38.5
2026-07-16 16:00:00,30.6,69,24.2,1002.1,0.0,37,13.6,211,38.5
2026-07-16 17:00:00,30.2,70,24.1,1002.4,0.1,58,12.9,227,37.4
2026-07-16 18:00:00,29.6,72,24.0,1002.3,0.0,28,11.2,232,33.5
2026-07-16 19:00:00,29.2,74,24.1,1002.5,0.0,34,10.4,228,29.5
2026-07-16 20:00:00,28.7,77,24.3,1002.6,0.0,32,11.2,232,28.1
2026-07-16 21:00:00,28.5,79,24.4,1002.9,0.0,36,12.0,227,29.2
2026-07-16 22:00:00,28.3,80,24.5,1003.4,0.1,47,11.8,230,29.2
2026-07-16 23:00:00,28.4,81,24.7,1003.4,0.1,34,11.0,240,28.1
2026-07-17 00:00:00,28.0,82,24.7,1003.0,0.1,42,11.5,245,27.7
2026-07-17 01:00:00,27.7,84,24.8,1002.8,0.1,30,11.7,247,27.7
2026-07-17 02:00:00,27.8,83,24.7,1002.4,0.0,14,11.2,248,29.5
2026-07-17 03:00:00,27.4,85,24.7,1002.0,0.0,41,12.1,250,28.4
2026-07-17 04:00:00,27.3,86,24.8,1001.8,0.1,52,12.7,255,29.9
2026-07-17 05:00:00,27.7,86,25.1,1001.9,0.0,41,12.4,254,28.4
2026-07-17 06:00:00,27.5,87,25.2,1002.5,0.1,41,11.4,257,26.3
2026-07-17 07:00:00,27.9,85,25.1,1002.9,0.1,45,13.6,262,31.7
2026-07-17 08:00:00,28.7,79,24.6,1003.2,0.1,46,14.6,269,35.3
2026-07-17 09:00:00,29.7,73,24.4,1003.5,0.1,29,14.2,267,36.0
2026-07-17 10:00:00,30.5,69,24.1,1003.5,0.1,54,15.0,256,38.9
2026-07-17 11:00:00,31.2,64,23.7,1003.6,0.1,62,15.1,250,40.3
2026-07-17 12:00:00,31.0,65,23.6,1003.5,0.1,80,14.7,242,39.6
2026-07-17 13:00:00,31.0,66,23.9,1002.8,0.0,81,15.1,237,40.0
2026-07-17 14:00:00,30.6,69,24.4,1002.2,0.1,84,16.9,235,43.9
2026-07-17 15:00:00,30.4,72,24.8,1001.5,0.1,47,18.8,233,47.5
2026-07-17 16:00:00,30.3,71,24.5,1001.5,0.0,13,17.4,235,47.5
2026-07-17 17:00:00,30.3,68,23.8,1001.4,0.0,13,16.8,243,44.3
2026-07-17 18:00:00,29.5,71,23.8,1001.3,0.0,11,16.6,243,42.5
2026-07-17 19:00:00,28.9,74,23.7,1001.7,0.0,64,16.5,241,41.0
2026-07-17 20:00:00,28.7,75,23.8,1002.2,0.1,27,16.7,242,40.3
2026-07-17 21:00:00,28.5,77,24.0,1002.7,0.1,31,16.8,246,40.0
2026-07-17 22:00:00,28.3,78,24.1,1003.3,0.0,27,16.6,248,40.3
2026-07-17 23:00:00,28.2,78,24.1,1003.1,0.0,38,16.1,252,40.0
2026-07-18 00:00:00,28.1,79,24.2,1002.8,0.0,42,15.5,250,37.1
2026-07-18 01:00:00,27.8,81,24.2,1002.4,0.0,36,14.9,255,36.4
2026-07-18 02:00:00,27.7,82,24.3,1001.7,0.0,39,15.7,257,36.0
2026-07-18 03:00:00,27.5,83,24.4,1001.4,0.0,44,16.3,256,37.8
2026-07-18 04:00:00,27.5,83,24.4,1001.4,0.0,55,14.8,260,37.4
2026-07-18 05:00:00,27.6,85,24.8,1001.6,0.0,37,15.4,260,33.8
2026-07-18 06:00:00,27.6,83,24.4,1002.0,0.1,31,15.0,265,33.1
2026-07-18 07:00:00,27.9,80,24.1,1002.2,0.0,27,16.9,269,41.4
2026-07-18 08:00:00,28.6,76,23.8,1002.4,0.0,33,17.6,269,42.1
2026-07-18 09:00:00,29.6,70,23.5,1002.5,0.0,30,17.4,263,42.8
2026-07-18 10:00:00,30.4,64,22.9,1002.4,0.0,99,18.1,257,45.4
2026-07-18 11:00:00,30.6,65,23.4,1002.2,0.1,77,20.5,249,49.0
2026-07-18 12:00:00,30.8,65,23.4,1001.8,0.1,75,20.6,245,51.8
2026-07-18 13:00:00,31.0,64,23.5,1001.3,0.0,59,20.0,244,51.8
2026-07-18 14:00:00,31.1,63,23.3,1000.9,0.1,99,20.0,243,50.8
2026-07-18 15:00:00,30.0,70,23.9,1000.6,0.1,76,20.6,239,51.1
2026-07-18 16:00:00,30.1,70,24.0,1000.4,0.0,70,20.4,236,51.5
2026-07-18 17:00:00,29.8,70,23.7,1000.3,0.0,38,19.8,242,50.4
2026-07-18 18:00:00,29.2,72,23.6,1000.2,0.0,29,18.9,238,48.6
2026-07-18 19:00:00,28.7,73,23.4,1000.3,0.0,52,19.8,244,46.8
2026-07-18 20:00:00,28.6,75,23.7,1000.9,0.1,52,18.2,249,46.8
2026-07-18 21:00:00,28.5,77,24.1,1001.8,0.3,52,18.0,251,43.9
2026-07-18 22:00:00,28.4,79,24.4,1002.0,0.1,34,16.1,250,41.4
2026-07-18 23:00:00,28.5,78,24.4,1001.8,0.0,43,17.2,256,38.2
2026-07-19 00:00:00,28.2,80,24.3,1001.3,0.0,43,16.5,250,43.6
2026-07-19 01:00:00,28.0,81,24.3,1000.8,0.0,27,15.5,255,37.4
2026-07-19 02:00:00,27.7,82,24.4,1000.4,0.0,27,14.5,256,36.0
2026-07-19 03:00:00,27.7,82,24.3,1000.1,0.0,34,13.4,258,32.8
2026-07-19 04:00:00,27.6,82,24.3,1000.1,0.0,55,14.1,260,30.2
2026-07-19 05:00:00,27.5,88,25.3,1000.2,0.0,80,13.9,260,30.6
2026-07-19 06:00:00,27.6,88,25.3,1000.3,0.0,47,13.5,254,31.0
2026-07-19 07:00:00,27.9,85,25.2,1000.6,0.0,52,14.5,251,34.2
2026-07-19 08:00:00,28.7,80,25.0,1000.7,0.0,54,15.2,253,37.1
2026-07-19 09:00:00,29.4,75,24.5,1000.9,0.1,100,17.2,257,42.1
2026-07-19 10:00:00,28.9,77,24.5,1001.3,0.2,100,16.7,256,42.8
2026-07-19 11:00:00,29.4,75,24.5,1001.1,0.2,100,16.4,251,41.4
2026-07-19 12:00:00,29.8,73,24.4,1000.9,0.1,100,15.7,243,41.0
2026-07-19 13:00:00,29.9,73,24.5,1000.3,0.1,98,16.6,234,41.8
2026-07-19 14:00:00,29.9,74,24.7,1000.0,0.2,97,17.3,231,43.6
2026-07-19 15:00:00,29.6,75,24.8,999.7,0.1,99,17.1,225,43.2
2026-07-19 16:00:00,29.5,77,25.0,999.4,0.1,96,16.5,225,43.2
2026-07-19 17:00:00,29.9,73,24.6,999.1,0.0,79,14.8,234,41.4
2026-07-19 18:00:00,29.2,75,24.4,999.2,0.0,80,13.0,232,37.4
2026-07-19 19:00:00,28.8,76,24.3,999.6,0.1,100,14.0,223,33.8
2026-07-19 20:00:00,28.4,81,24.9,1000.2,0.0,96,12.7,227,33.8
2026-07-19 21:00:00,28.2,83,25.0,1000.9,0.0,96,11.3,227,30.2
2026-07-19 22:00:00,27.9,85,25.1,1001.5,0.0,100,11.6,231,27.4
2026-07-19 23:00:00,28.2,83,25.1,1001.2,0.1,99,12.2,233,29.5
2026-07-20 00:00:00,28.3,82,24.9,1000.8,0.0,54,11.5,236,29.2
2026-07-20 01:00:00,27.9,84,25.0,1000.3,0.0,47,10.1,241,27.4
2026-07-20 02:00:00,27.6,87,25.2,999.7,0.1,48,10.7,241,24.8
2026-07-20 03:00:00,27.4,88,25.3,999.5,0.0,74,10.6,247,26.3
2026-07-20 04:00:00,27.5,87,25.2,999.6,0.0,50,8.8,255,22.3
2026-07-20 05:00:00,27.7,89,25.7,999.4,0.0,99,8.9,246,18.4
2026-07-20 06:00:00,27.5,90,25.8,999.5,0.0,95,10.5,243,22.0
2026-07-20 07:00:00,28.0,87,25.6,1000.1,0.0,69,11.6,244,28.1
2026-07-20 08:00:00,28.6,82,25.3,1000.3,0.1,100,12.9,242,31.7
2026-07-20 09:00:00,28.9,80,25.2,1000.7,0.2,100,13.9,240,34.9
2026-07-20 10:00:00,29.4,77,24.9,1000.7,0.1,98,14.0,240,35.3
2026-07-20 11:00:00,29.9,74,24.8,1000.6,0.1,98,14.8,238,37.4
2026-07-20 12:00:00,30.5,71,24.7,1000.4,0.0,64,14.4,234,37.8
2026-07-20 13:00:00,31.2,68,24.6,999.8,0.0,33,14.4,226,38.9
2026-07-20 14:00:00,31.1,68,24.6,999.3,0.0,53,14.8,220,40.0
2026-07-20 15:00:00,30.7,70,24.5,999.0,0.1,63,15.2,220,40.3
2026-07-20 16:00:00,30.4,70,24.4,998.5,0.2,59,15.7,220,41.0
2026-07-20 17:00:00,30.3,72,24.7,998.5,0.3,95,13.0,221,41.4
2026-07-20 18:00:00,29.4,76,24.8,998.7,0.1,98,13.3,222,34.2
2026-07-20 19:00:00,29.0,78,24.7,999.1,0.1,98,12.9,226,33.1
2026-07-20 20:00:00,28.5,81,24.9,999.7,0.2,96,13.6,219,32.4
2026-07-20 21:00:00,28.3,83,25.2,1000.3,0.1,99,14.2,220,33.8
2026-07-20 22:00:00,28.2,84,25.2,1000.9,0.0,100,13.8,221,35.3
2026-07-20 23:00:00,28.3,82,25.0,1001.1,0.0,99,12.1,229,34.6
2026-07-21 00:00:00,28.2,83,25.1,1000.6,0.0,99,12.0,233,29.9
2026-07-21 01:00:00,28.1,84,25.0,1000.3,0.0,98,12.1,240,26.3
2026-07-21 02:00:00,27.9,85,25.1,999.6,0.0,98,9.8,247,25.9
2026-07-21 03:00:00,27.8,87,25.3,999.3,0.0,100,9.2,250,22.7
2026-07-21 04:00:00,27.6,88,25.4,999.0,0.0,100,10.6,247,24.5
2026-07-21 05:00:00,28.0,86,25.4,998.8,0.0,97,9.8,253,24.8
2026-07-21 06:00:00,27.8,87,25.4,999.1,0.0,98,9.4,263,21.2
2026-07-21 07:00:00,28.1,86,25.5,999.7,0.0,100,7.9,250,20.2
2026-07-21 08:00:00,28.7,81,25.2,999.8,0.0,100,9.4,247,23.8
2026-07-21 09:00:00,29.1,79,25.1,1000.0,0.0,100,10.7,239,27.0
2026-07-21 10:00:00,29.2,79,25.1,1000.2,0.0,84,10.6,226,28.4
2026-07-21 11:00:00,30.3,72,24.6,1000.5,0.1,100,11.0,236,31.3
2026-07-21 12:00:00,30.1,72,24.6,1000.4,0.0,100,11.1,233,29.5
2026-07-21 13:00:00,30.1,73,24.8,999.9,0.0,100,9.8,223,29.5
2026-07-21 14:00:00,30.4,73,25.0,999.1,0.0,100,11.5,205,30.6
2026-07-21 15:00:00,30.3,74,25.2,998.5,0.0,100,13.3,208,34.9
2026-07-21 16:00:00,29.7,78,25.3,998.1,0.0,94,13.6,216,35.3
2026-07-21 17:00:00,30.1,75,25.1,998.2,0.2,82,13.0,227,35.3
2026-07-21 18:00:00,29.5,77,25.0,998.5,0.2,75,13.5,224,33.1
2026-07-21 19:00:00,28.7,83,25.4,998.7,0.2,55,13.8,221,33.8
2026-07-21 20:00:00,28.5,84,25.5,999.3,0.0,13,11.8,218,33.1
2026-07-21 21:00:00,28.4,84,25.4,999.8,0.0,38,12.4,213,29.9
2026-07-21 22:00:00,28.1,85,25.4,1000.2,0.0,35,10.6,220,29.9
2026-07-21 23:00:00,28.6,83,25.5,1000.4,0.0,66,9.9,212,27.7
2026-07-22 00:00:00,28.5,82,25.1,999.9,0.0,64,10.6,215,27.4
2026-07-22 01:00:00,28.1,84,25.2,999.7,0.0,87,10.6,223,25.6
2026-07-22 02:00:00,28.0,85,25.2,999.0,0.0,45,9.8,234,25.2
2026-07-22 03:00:00,27.8,86,25.2,998.7,0.0,24,8.8,247,22.7
2026-07-22 04:00:00,27.6,87,25.2,998.5,0.0,27,8.5,243,18.7
2026-07-22 05:00:00,28.1,86,25.6,998.4,0.0,100,4.4,261,17.6
2026-07-22 06:00:00,28.0,87,25.7,998.7,0.0,77,4.1,255,9.4
2026-07-22 07:00:00,28.4,85,25.6,999.3,0.0,70,4.8,255,13.0
2026-07-22 08:00:00,29.2,80,25.4,999.4,0.0,25,4.9,219,15.1
2026-07-22 09:00:00,30.3,74,25.2,999.5,0.0,31,8.0,211,23.0
2026-07-22 10:00:00,31.2,70,25.0,999.5,0.0,31,9.8,208,28.1
2026-07-22 11:00:00,31.4,69,25.0,999.3,0.0,100,11.5,203,31.7
2026-07-22 12:00:00,31.2,70,25.0,999.1,0.1,100,11.8,214,33.1
2026-07-22 13:00:00,31.3,70,25.1,998.4,0.1,98,12.1,217,33.8
2026-07-22 14:00:00,31.1,72,25.3,997.9,0.1,98,13.4,215,36.7
2026-07-22 15:00:00,30.5,75,25.5,997.4,0.1,98,12.9,215,36.4
2026-07-22 16:00:00,30.5,74,25.4,996.9,0.0,84,12.1,220,34.9
2026-07-22 17:00:00,31.1,72,25.6,996.6,0.1,32,11.6,210,32.4
2026-07-22 18:00:00,30.2,77,25.7,997.5,0.0,30,11.6,195,32.0
2026-07-22 19:00:00,29.2,82,25.8,997.8,0.0,16,12.2,189,31.0
2026-07-22 20:00:00,28.5,84,25.6,998.1,0.0,25,11.4,205,30.2
2026-07-22 21:00:00,28.9,81,25.4,998.5,0.0,55,14.2,192,34.2
2026-07-22 22:00:00,28.8,81,25.1,999.2,0.0,27,12.2,199,33.8
2026-07-22 23:00:00,29.0,79,25.0,999.3,0.0,30,11.8,196,30.6
2026-07-23 00:00:00,28.7,80,24.9,998.9,0.1,92,12.2,206,29.2
2026-07-23 01:00:00,28.6,81,25.0,998.6,0.1,98,11.3,224,29.5
2026-07-23 02:00:00,28.3,83,25.1,997.9,0.0,87,10.1,241,27.4
2026-07-23 03:00:00,28.1,84,25.1,997.7,0.1,78,8.6,269,24.1
2026-07-23 04:00:00,28.1,84,25.1,997.5,0.0,50,5.6,291,20.2
2026-07-23 05:00:00,28.5,82,25.1,997.8,0.0,58,2.8,225,13.7
2026-07-23 06:00:00,28.2,84,25.2,997.8,0.0,64,2.8,305,6.8
2026-07-23 07:00:00,28.7,81,25.1,998.5,0.0,76,2.6,34,9.7
2026-07-23 08:00:00,29.5,77,25.0,998.0,0.0,33,5.7,169,16.9
2026-07-23 09:00:00,30.4,73,25.0,998.6,0.0,95,4.7,189,18.7
2026-07-23 10:00:00,30.7,72,25.1,998.5,0.0,84,7.7,192,23.4
2026-07-23 11:00:00,31.9,65,24.4,998.4,0.0,47,5.3,190,23.8
2026-07-23 12:00:00,32.8,61,24.3,997.9,0.0,38,8.6,172,26.3
2026-07-23 13:00:00,32.0,64,24.4,997.5,0.0,7,15.5,176,41.8
2026-07-23 14:00:00,32.1,63,24.1,996.7,0.0,2,14.8,181,42.8
2026-07-23 15:00:00,32.1,66,24.9,996.2,0.0,3,13.2,200,40.0
2026-07-23 16:00:00,31.9,66,24.7,995.8,0.0,5,11.4,206,36.4
2026-07-23 17:00:00,31.2,71,25.4,995.6,0.0,2,12.1,215,34.6
2026-07-23 18:00:00,30.5,75,25.5,995.8,0.0,7,12.1,210,32.0
2026-07-23 19:00:00,29.7,78,25.5,996.7,0.0,9,8.0,207,32.4
2026-07-23 20:00:00,29.3,82,25.9,996.4,0.0,18,12.0,196,29.5
2026-07-23 21:00:00,29.3,82,25.9,997.2,0.0,60,11.6,198,31.0
2026-07-23 22:00:00,29.1,83,26.0,998.1,0.0,53,11.6,217,32.8
2026-07-23 23:00:00,29.4,82,26.0,999.1,0.1,62,10.5,239,27.7
2026-07-24 00:00:00,29.0,84,26.0,998.6,0.0,31,9.9,233,26.3
2026-07-24 01:00:00,28.8,84,25.8,998.4,0.0,47,8.5,238,24.5
2026-07-24 02:00:00,28.6,85,25.7,997.7,0.0,90,7.5,246,20.9
2026-07-24 03:00:00,28.6,84,25.6,997.6,0.0,90,6.4,254,18.4
2026-07-24 04:00:00,28.4,85,25.6,997.5,0.0,46,4.3,246,15.8
2026-07-24 05:00:00,28.8,85,26.0,997.3,0.0,92,5.6,249,15.1
2026-07-24 06:00:00,28.6,86,26.1,997.8,0.0,80,5.4,256,13.7
2026-07-24 07:00:00,28.9,85,26.1,998.5,0.0,87,5.6,268,15.1
2026-07-24 08:00:00,29.9,79,25.9,998.5,0.0,87,5.2,241,16.2
2026-07-24 09:00:00,30.9,74,25.7,999.0,0.0,75,5.6,211,18.7
2026-07-24 10:00:00,31.9,69,25.5,999.3,0.0,73,8.1,211,24.8
2026-07-24 11:00:00,33.1,63,25.0,999.4,0.0,70,8.9,222,31.7
2026-07-24 12:00:00,32.6,66,25.4,999.0,0.0,87,13.9,214,38.2
2026-07-24 13:00:00,32.4,65,24.9,998.5,0.0,93,15.1,219,41.4
2026-07-24 14:00:00,32.5,64,24.7,997.8,0.0,90,13.0,213,40.7
2026-07-24 15:00:00,32.0,67,25.0,997.2,0.0,80,13.0,209,36.4
2026-07-24 16:00:00,31.4,69,25.0,997.1,0.0,93,12.5,217,37.1
2026-07-24 17:00:00,31.0,72,25.4,996.7,0.0,13,12.5,229,34.6
2026-07-24 18:00:00,30.3,75,25.4,996.4,0.0,40,12.1,230,33.8
2026-07-24 19:00:00,29.8,78,25.5,996.9,0.0,93,12.1,232,32.8
2026-07-24 20:00:00,29.8,79,25.8,997.6,0.0,100,11.3,227,31.0
2026-07-24 21:00:00,29.7,80,25.9,998.6,0.0,100,9.2,239,28.1
2026-07-24 22:00:00,29.5,82,26.0,999.4,0.0,100,9.3,246,23.8
2026-07-24 23:00:00,29.1,79,25.1,998.9,0.0,100,8.3,248,24.5
2026-07-25 00:00:00,28.9,80,25.1,998.6,0.0,100,10.0,255,24.8
2026-07-25 01:00:00,28.6,82,25.2,998.7,0.0,100,11.0,267,27.4
2026-07-25 02:00:00,28.5,82,25.1,998.4,0.0,99,10.6,272,27.7
2026-07-25 03:00:00,28.4,82,25.1,998.7,0.0,100,7.0,273,25.6
2026-07-25 04:00:00,28.4,83,25.2,998.4,0.0,98,7.1,255,17.6
2026-07-25 05:00:00,28.4,83,25.3,998.5,0.0,100,8.8,255,20.5
2026-07-25 06:00:00,28.2,84,25.3,998.8,0.0,96,9.0,250,22.0
2026-07-25 07:00:00,28.4,84,25.4,999.4,0.0,90,9.3,255,23.0
2026-07-25 08:00:00,29.2,79,25.2,1000.1,0.0,99,10.3,255,26.3
2026-07-25 09:00:00,30.1,74,25.0,1000.6,0.0,100,10.4,255,27.7
2026-07-25 10:00:00,30.4,73,24.9,1001.1,0.0,100,10.3,254,27.4
2026-07-25 11:00:00,30.7,70,24.6,1001.2,0.0,100,11.8,253,28.8
2026-07-25 12:00:00,31.0,69,24.5,1000.9,0.0,100,10.6,247,30.6
2026-07-25 13:00:00,31.6,66,24.5,1000.6,0.0,100,9.7,242,28.8
2026-07-25 14:00:00,31.5,66,24.5,1000.0,0.0,94,10.1,224,29.2
2026-07-25 15:00:00,31.3,67,24.5,999.6,0.0,99,12.5,212,34.6
2026-07-25 16:00:00,31.0,69,24.7,999.2,0.0,98,14.4,206,38.5
2026-07-25 17:00:00,30.5,71,24.7,998.8,0.0,99,11.9,210,38.9
2026-07-25 18:00:00,29.6,75,24.8,999.1,0.0,100,10.5,221,31.0
2026-07-25 19:00:00,29.2,78,24.9,999.8,0.0,100,10.8,224,27.4
2026-07-25 20:00:00,28.9,80,25.1,999.9,0.0,100,12.3,215,29.9
2026-07-25 21:00:00,28.9,80,25.0,1000.8,0.0,100,12.0,230,31.0
2026-07-25 22:00:00,28.9,80,25.0,1001.1,0.0,100,14.5,245,34.9
2026-07-25 23:00:00,28.4,79,24.4,1001.3,0.0,100,9.2,290,34.6
2026-07-26 00:00:00,28.2,80,24.4,1000.7,0.0,100,9.0,299,23.4
2026-07-26 01:00:00,28.2,79,24.3,1000.4,0.0,100,6.4,281,21.6
2026-07-26 02:00:00,28.1,80,24.4,1000.1,0.0,100,6.7,279,16.6
2026-07-26 03:00:00,28.1,80,24.4,1000.3,0.0,100,5.8,286,17.6
2026-07-26 04:00:00,28.2,80,24.3,1000.2,0.0,100,6.1,267,15.1
2026-07-26 05:00:00,28.5,79,24.4,1000.0,0.0,100,9.1,263,15.8
2026-07-26 06:00:00,28.4,79,24.3,1000.5,0.0,100,9.4,274,22.3
2026-07-26 07:00:00,28.6,77,24.3,1001.2,0.0,89,11.0,276,26.3
2026-07-26 08:00:00,29.3,74,24.2,1001.6,0.0,100,9.9,280,27.0
2026-07-26 09:00:00,29.9,70,24.0,1001.8,0.0,100,10.1,274,25.9
2026-07-26 10:00:00,30.4,68,23.9,1002.3,0.0,99,10.4,268,27.0
2026-07-26 11:00:00,31.2,65,23.8,1002.6,0.0,78,11.0,271,30.2
2026-07-26 12:00:00,32.5,60,23.8,1002.2,0.0,100,10.3,257,29.5
2026-07-26 13:00:00,32.5,61,24.1,1001.6,0.0,78,12.5,243,33.5
2026-07-26 14:00:00,32.0,63,24.2,1001.2,0.0,63,15.6,243,41.4
2026-07-26 15:00:00,31.8,64,24.1,1000.3,0.0,59,14.8,244,41.8
2026-07-26 16:00:00,31.2,66,24.0,999.8,0.0,91,13.6,236,39.6
2026-07-26 17:00:00,31.1,67,24.2,999.8,0.0,27,13.3,245,36.7
2026-07-26 18:00:00,30.2,70,24.1,1000.1,0.0,51,11.8,245,34.9
2026-07-26 19:00:00,29.4,74,24.2,1000.7,0.0,50,11.3,250,31.0
2026-07-26 20:00:00,28.9,77,24.5,1001.1,0.0,46,11.8,258,29.2
2026-07-26 21:00:00,28.7,79,24.7,1001.5,0.0,44,11.2,249,29.2
2026-07-26 22:00:00,28.4,81,24.8,1001.6,0.0,36,11.0,260,28.1
2026-07-26 23:00:00,28.7,79,24.7,1001.3,0.0,71,9.1,255,26.3
2026-07-27 00:00:00,28.5,80,24.8,1001.6,0.0,39,9.5,269,22.7
2026-07-27 01:00:00,28.4,81,24.8,1001.4,0.0,53,11.4,275,27.0
2026-07-27 02:00:00,28.3,81,24.7,1000.8,0.0,55,11.7,274,29.2
2026-07-27 03:00:00,28.2,81,24.6,1000.6,0.0,54,11.5,272,27.4
2026-07-27 04:00:00,28.1,82,24.7,1000.5,0.0,63,11.6,274,27.0
2026-07-27 05:00:00,28.5,81,25.0,1000.2,0.0,51,11.9,276,27.0
2026-07-27 06:00:00,28.3,81,24.8,1000.3,0.0,42,10.2,278,25.2
2026-07-27 07:00:00,28.8,79,24.8,1000.9,0.0,63,11.6,275,27.0
2026-07-27 08:00:00,29.7,74,24.5,1001.2,0.0,61,13.0,268,32.0
2026-07-27 09:00:00,30.7,68,24.2,1001.2,0.0,39,13.0,264,33.8
2026-07-27 10:00:00,31.9,62,23.7,1000.9,0.0,95,13.9,260,37.1
2026-07-27 11:00:00,31.5,65,24.0,1000.8,0.0,62,15.0,251,37.1
2026-07-27 12:00:00,32.2,62,24.0,1000.6,0.0,65,15.7,245,41.8
2026-07-27 13:00:00,32.1,62,24.0,1000.2,0.0,99,16.9,240,44.6
2026-07-27 14:00:00,31.7,64,24.1,999.7,0.0,100,17.2,240,45.4
2026-07-27 15:00:00,31.6,64,23.9,998.8,0.0,97,17.2,243,45.4
2026-07-27 16:00:00,31.4,65,24.0,998.0,0.0,99,17.3,243,45.7
2026-07-27 17:00:00,31.3,64,23.7,998.0,0.0,91,16.7,254,44.3
2026-07-27 18:00:00,30.4,68,23.9,998.0,0.0,90,16.9,248,42.8
2026-07-27 19:00:00,29.5,73,24.2,998.2,0.0,66,16.9,241,42.5
2026-07-27 20:00:00,29.1,77,24.6,998.9,0.1,56,16.8,242,40.3
2026-07-27 21:00:00,28.6,80,24.8,999.5,0.0,58,15.8,238,40.0
2026-07-27 22:00:00,28.4,82,24.9,999.6,0.0,35,15.6,240,37.8
2026-07-27 23:00:00,28.7,79,24.6,999.2,0.0,79,15.0,253,37.4
2026-07-28 00:00:00,28.4,79,24.4,999.1,0.1,82,14.0,261,36.0
2026-07-28 01:00:00,28.3,79,24.4,998.6,0.0,61,13.4,259,33.5
2026-07-28 02:00:00,28.0,81,24.4,998.0,0.0,48,14.4,254,34.2
2026-07-28 03:00:00,27.9,80,24.1,997.5,0.0,46,14.9,255,35.3
2026-07-28 04:00:00,27.9,80,24.0,997.3,0.0,40,15.1,258,35.3
2026-07-28 05:00:00,27.9,86,25.4,997.3,0.1,23,15.6,259,35.3
2026-07-28 06:00:00,27.7,87,25.3,997.4,0.0,34,14.5,259,32.8
2026-07-28 07:00:00,28.1,84,25.2,997.9,0.0,42,14.6,254,34.6
2026-07-28 08:00:00,29.0,78,24.8,998.2,0.0,36,15.3,251,37.1
2026-07-28 09:00:00,30.1,71,24.3,998.5,0.0,58,15.8,251,40.0
2026-07-28 10:00:00,30.9,66,23.9,998.3,0.0,100,16.7,245,42.5
2026-07-28 11:00:00,31.1,65,23.7,998.5,0.0,60,16.9,237,43.9
2026-07-28 12:00:00,31.4,64,23.9,998.4,0.0,84,17.3,236,45.4
2026-07-28 13:00:00,31.3,65,23.9,998.0,0.0,74,16.6,231,45.4
2026-07-28 14:00:00,31.7,63,23.9,997.5,0.0,48,17.6,227,45.7
2026-07-28 15:00:00,31.8,62,23.8,996.8,0.0,48,17.8,231,46.4
2026-07-28 16:00:00,31.1,68,24.6,996.3,0.0,52,17.6,229,46.1
2026-07-28 17:00:00,30.7,71,24.8,996.1,0.0,80,18.4,228,45.0
2026-07-28 18:00:00,29.7,76,24.9,996.2,0.1,63,19.0,228,46.4
2026-07-28 19:00:00,28.9,81,25.3,996.7,0.0,14,16.9,237,46.1
2026-07-28 20:00:00,28.6,82,25.3,996.9,0.0,23,15.9,243,40.0
2026-07-28 21:00:00,28.8,79,24.9,997.9,0.0,37,14.0,246,38.2
2026-07-28 22:00:00,28.6,82,25.3,998.6,0.0,28,12.2,245,33.5
2026-07-28 23:00:00,28.9,82,25.6,998.5,0.0,37,10.4,240,29.2
2026-07-29 00:00:00,28.6,85,25.7,998.4,0.0,47,11.4,229,26.6
2026-07-29 01:00:00,28.3,87,25.8,998.2,0.0,87,12.0,234,28.4
2026-07-29 02:00:00,28.2,86,25.6,997.8,0.0,81,12.4,234,29.2
2026-07-29 03:00:00,27.7,91,26.1,997.4,0.0,63,12.9,228,29.5
2026-07-29 04:00:00,27.7,92,26.2,997.3,0.0,78,12.8,236,31.3
2026-07-29 05:00:00,28.0,91,26.4,997.2,0.0,94,11.9,245,27.4
2026-07-29 06:00:00,28.0,91,26.3,997.6,0.0,100,12.4,246,26.3
2026-07-29 07:00:00,28.4,87,26.1,997.9,0.0,100,15.1,250,34.9
2026-07-29 08:00:00,29.3,81,25.8,998.2,0.0,99,16.5,259,40.3
2026-07-29 09:00:00,30.4,75,25.5,998.5,0.0,99,16.6,261,41.4
2026-07-29 10:00:00,31.8,66,24.8,998.6,0.0,96,15.9,265,41.8
2026-07-29 11:00:00,32.2,64,24.5,998.8,0.0,61,16.1,260,41.0
2026-07-29 12:00:00,32.8,61,24.3,998.7,0.0,79,14.9,255,41.4
2026-07-29 13:00:00,33.2,59,24.1,998.3,0.0,66,14.9,247,40.0
2026-07-29 14:00:00,32.5,64,24.9,997.8,0.0,97,16.3,237,43.2
2026-07-29 15:00:00,31.6,68,25.0,997.3,0.0,95,18.1,233,46.8
2026-07-29 16:00:00,31.0,71,25.2,996.9,0.0,38,17.1,233,47.2
2026-07-29 17:00:00,31.0,72,25.2,997.1,0.0,88,14.9,234,43.9
2026-07-29 18:00:00,29.9,77,25.4,997.2,0.0,59,14.3,229,38.5
2026-07-29 19:00:00,28.9,83,25.7,997.3,0.0,6,14.1,224,36.4
2026-07-29 20:00:00,28.4,85,25.7,997.9,0.0,14,11.6,231,34.6
2026-07-29 21:00:00,28.6,84,25.5,998.9,0.0,22,10.7,240,28.8
2026-07-29 22:00:00,28.6,83,25.4,999.2,0.0,35,8.6,234,25.9
2026-07-29 23:00:00,28.8,84,25.8,998.6,0.0,29,8.9,228,21.6
2026-07-30 00:00:00,28.4,87,26.0,998.1,0.0,20,9.7,236,23.4
2026-07-30 01:00:00,28.4,87,26.1,998.0,0.0,34,9.0,237,24.1
2026-07-30 02:00:00,28.1,89,26.1,997.8,0.0,48,8.9,232,21.6
2026-07-30 03:00:00,28.0,90,26.1,997.1,0.0,99,9.7,235,22.3
2026-07-30 04:00:00,27.8,90,26.1,996.7,0.0,48,10.5,243,24.5
2026-07-30 05:00:00,28.0,91,26.5,996.9,0.0,88,8.9,252,24.5
2026-07-30 06:00:00,27.9,91,26.3,996.8,0.0,75,9.0,267,18.7
2026-07-30 07:00:00,28.4,88,26.2,997.1,0.0,60,8.7,266,20.5
2026-07-30 08:00:00,29.4,81,25.9,997.3,0.0,59,9.2,259,23.8
2026-07-30 09:00:00,30.9,73,25.4,997.6,0.0,55,9.1,255,25.6
2026-07-30 10:00:00,32.1,67,25.2,997.5,0.0,55,8.5,252,25.9
2026-07-30 11:00:00,32.1,68,25.5,997.8,0.0,100,9.9,238,29.2
2026-07-30 12:00:00,32.8,66,25.5,997.3,0.0,100,10.6,230,31.0
2026-07-30 13:00:00,32.9,66,25.7,997.1,0.0,5,11.2,220,32.8
2026-07-30 14:00:00,32.9,67,25.8,996.4,0.0,16,12.9,213,36.4
2026-07-30 15:00:00,32.3,69,25.9,995.9,0.0,30,13.0,205,37.4
2026-07-30 16:00:00,31.8,70,25.7,995.3,0.0,49,12.2,200,36.7
2026-07-30 17:00:00,31.4,72,25.7,995.2,0.0,25,13.5,209,35.3
2026-07-30 18:00:00,30.4,77,25.8,995.2,0.0,80,13.2,214,36.7
2026-07-30 19:00:00,29.7,81,26.0,995.6,0.0,91,10.7,224,33.8
2026-07-30 20:00:00,29.2,84,26.2,996.1,0.0,91,9.6,227,27.4
2026-07-30 21:00:00,29.1,84,26.2,996.6,0.0,84,8.3,229,24.1
2026-07-30 22:00:00,29.2,83,26.0,997.5,0.0,97,9.0,241,23.8
2026-07-30 23:00:00,29.4,84,26.3,997.6,0.0,78,8.5,246,23.0
2026-07-31 00:00:00,28.8,87,26.4,997.0,0.0,84,7.6,248,21.2
2026-07-31 01:00:00,28.5,88,26.4,996.4,0.0,90,5.7,238,19.1
2026-07-31 02:00:00,28.2,91,26.5,995.7,0.0,85,5.6,230,14.8
2026-07-31 03:00:00,28.0,92,26.5,995.8,0.0,98,8.1,239,19.4
2026-07-31 04:00:00,27.8,93,26.5,995.8,0.0,98,9.1,256,22.0
2026-07-31 05:00:00,28.2,91,26.6,995.8,0.0,95,7.8,266,20.9
2026-07-31 06:00:00,27.9,93,26.6,995.9,0.0,97,6.3,270,15.8
2026-07-31 07:00:00,28.3,90,26.5,996.3,0.0,99,5.2,266,13.7
2026-07-31 08:00:00,29.4,82,26.1,996.4,0.0,98,6.3,265,18.0
2026-07-31 09:00:00,30.8,74,25.7,996.4,0.0,99,7.3,259,22.0
2026-07-31 10:00:00,31.8,70,25.6,996.6,0.0,98,7.3,237,22.7
2026-07-31 11:00:00,33.0,64,25.3,996.6,0.0,99,9.2,230,27.4
2026-07-31 12:00:00,33.2,64,25.6,996.2,0.0,93,10.9,218,31.7
2026-07-31 13:00:00,33.2,64,25.5,995.8,0.0,68,12.2,216,35.3
2026-07-31 14:00:00,33.3,63,25.2,995.0,0.0,46,11.6,215,35.6
2026-07-31 15:00:00,33.0,65,25.5,994.1,0.0,30,11.8,206,34.6
2026-07-31 16:00:00,32.2,70,26.1,993.8,0.0,73,12.5,207,35.3
2026-07-31 17:00:00,31.9,72,26.2,993.8,0.0,91,11.6,219,34.6
2026-07-31 18:00:00,31.0,76,26.2,993.8,0.0,89,10.8,213,31.3
2026-07-31 19:00:00,30.2,82,26.7,994.8,0.0,90,9.7,214,28.8
2026-07-31 20:00:00,29.7,86,27.1,995.6,0.0,80,9.2,230,26.3
2026-07-31 21:00:00,29.6,87,27.2,996.3,0.0,75,7.5,240,23.0
2026-07-31 22:00:00,29.5,87,27.1,997.0,0.0,91,4.0,240,19.4
2026-07-31 23:00:00,29.5,86,26.9,997.1,0.0,100,4.6,239,13.0
2026-08-01 00:00:00,29.2,87,26.8,996.6,0.0,97,4.8,257,14.4
2026-08-01 01:00:00,29.1,87,26.8,996.5,0.0,71,2.5,270,13.3
2026-08-01 02:00:00,28.9,88,26.8,996.3,0.0,76,2.2,275,8.3
2026-08-01 03:00:00,28.7,90,26.9,996.2,0.0,100,4.2,258,10.8
2026-08-01 04:00:00,28.3,93,27.0,996.0,0.0,100,7.4,266,18.0
2026-08-01 05:00:00,28.9,90,27.2,996.5,0.0,99,5.4,266,18.4
2026-08-01 06:00:00,28.8,91,27.2,997.1,0.0,99,5.7,257,14.4
2026-08-01 07:00:00,29.2,88,27.1,997.8,0.0,95,6.4,248,16.9
2026-08-01 08:00:00,30.1,83,26.9,997.9,0.0,89,5.6,243,16.6
2026-08-01 09:00:00,31.0,77,26.6,997.9,0.0,79,5.3,232,17.3
2026-08-01 10:00:00,32.3,72,26.7,998.0,0.0,91,6.3,219,20.5
2026-08-01 11:00:00,32.2,71,26.2,998.7,0.0,83,11.3,219,29.9
2026-08-01 12:00:00,32.4,69,25.9,998.5,0.0,84,12.9,219,36.7
2026-08-01 13:00:00,32.6,66,25.5,998.0,0.0,95,13.8,223,38.5
2026-08-01 14:00:00,32.5,66,25.4,997.7,0.0,92,15.8,232,42.1
2026-08-01 15:00:00,32.3,67,25.5,996.9,0.0,99,15.9,239,42.8
2026-08-01 16:00:00,31.1,73,25.6,997.0,0.0,100,16.3,243,42.8
2026-08-01 17:00:00,30.8,72,25.2,997.0,0.0,98,14.9,247,41.8
2026-08-01 18:00:00,30.1,75,25.2,997.0,0.0,98,13.8,249,38.2
2026-08-01 19:00:00,29.5,78,25.3,997.4,0.0,98,12.0,251,35.6
2026-08-01 20:00:00,29.2,79,25.2,998.0,0.0,99,11.9,248,30.2
2026-08-01 21:00:00,29.0,80,25.2,998.5,0.0,100,11.5,245,29.9
2026-08-01 22:00:00,28.8,81,25.3,998.6,0.0,100,12.2,243,29.9
2026-08-01 23:00:00,29.0,77,24.6,999.5,0.0,100,11.5,259,31.3
2026-08-02 00:00:00,28.9,78,24.6,999.4,0.0,100,10.7,263,28.4
2026-08-02 01:00:00,28.7,79,24.6,999.0,0.0,100,10.6,252,26.3
2026-08-02 02:00:00,28.6,80,24.7,998.8,0.0,100,9.0,250,25.6
2026-08-02 03:00:00,28.5,80,24.7,998.9,0.0,99,10.4,234,24.8
2026-08-02 04:00:00,28.5,80,24.7,999.0,0.0,98,11.4,246,29.2
2026-08-02 05:00:00,28.5,80,24.6,999.4,0.1,100,11.1,248,26.6
2026-08-02 06:00:00,28.3,81,24.8,999.5,0.0,100,11.4,242,27.4
2026-08-02 07:00:00,28.2,82,24.9,999.6,0.0,100,11.3,243,27.7
2026-08-02 08:00:00,28.4,81,24.8,1000.2,0.0,100,10.7,237,26.6
2026-08-02 09:00:00,28.6,79,24.7,1000.6,0.0,100,11.6,242,27.7
2026-08-02 10:00:00,29.2,76,24.5,1000.7,0.0,100,11.3,245,29.9
2026-08-02 11:00:00,28.9,74,23.9,1001.6,0.1,100,10.5,243,29.9
2026-08-02 12:00:00,28.9,75,23.9,1001.4,0.2,100,12.2,246,30.6
2026-08-02 13:00:00,29.0,75,24.1,1001.2,0.2,100,12.3,240,30.6
2026-08-02 14:00:00,29.2,74,24.2,1001.0,0.1,100,12.6,232,31.7
2026-08-02 15:00:00,29.3,73,23.9,999.9,0.0,100,15.0,243,37.1
2026-08-02 16:00:00,29.3,71,23.5,999.9,0.0,100,12.2,246,37.1
2026-08-02 17:00:00,29.6,71,23.7,999.7,0.0,100,12.6,236,36.0
2026-08-02 18:00:00,29.2,72,23.7,999.7,0.0,100,11.8,237,30.6
2026-08-02 19:00:00,28.7,77,24.2,1000.2,0.0,100,11.0,230,29.5
2026-08-02 20:00:00,28.5,79,24.5,1000.7,0.0,100,10.4,234,27.4
2026-08-02 21:00:00,28.5,79,24.5,1001.2,0.0,100,11.0,238,25.9
2026-08-02 22:00:00,28.3,80,24.6,1001.6,0.0,100,12.4,240,29.9
2026-08-02 23:00:00,28.2,81,24.6,1002.0,0.0,98,11.0,252,29.5
2026-08-03 00:00:00,27.9,83,24.7,1001.6,0.0,98,11.6,257,24.8
2026-08-03 01:00:00,27.5,84,24.6,1001.4,0.0,96,11.0,259,25.2
2026-08-03 02:00:00,27.3,85,24.6,1000.9,0.0,100,9.4,247,23.4
2026-08-03 03:00:00,27.2,86,24.6,1000.9,0.0,100,9.5,245,20.2
2026-08-03 04:00:00,27.3,85,24.5,1001.0,0.0,100,8.9,245,20.2
2026-08-03 05:00:00,28.1,82,24.7,1000.5,0.0,100,11.3,256,21.6
2026-08-03 06:00:00,27.9,83,24.7,1000.6,0.0,98,11.4,254,24.1
2026-08-03 07:00:00,28.1,82,24.7,1001.1,0.0,100,12.9,257,29.5
2026-08-03 08:00:00,28.4,79,24.5,1001.6,0.0,100,12.8,256,31.0
2026-08-03 09:00:00,28.6,78,24.3,1001.8,0.0,100,12.7,254,30.6
2026-08-03 10:00:00,29.2,74,24.2,1002.1,0.0,100,13.5,254,32.4
2026-08-03 11:00:00,30.2,69,23.9,1002.7,0.0,100,14.3,245,33.1
2026-08-03 12:00:00,30.0,70,24.0,1002.5,0.1,80,15.3,236,38.5
2026-08-03 13:00:00,30.8,68,24.2,1002.2,0.0,63,15.4,233,40.7
2026-08-03 14:00:00,31.0,68,24.3,1001.6,0.0,48,15.6,232,41.8
2026-08-03 15:00:00,30.8,67,24.0,1001.0,0.0,55,15.7,226,41.4
2026-08-03 16:00:00,30.3,70,24.1,1000.5,0.1,44,17.0,221,42.8
2026-08-03 17:00:00,30.1,68,23.7,1000.6,0.0,85,16.7,227,43.6
2026-08-03 18:00:00,29.3,72,23.7,1000.6,0.0,20,14.9,234,42.1
2026-08-03 19:00:00,28.8,74,23.7,1000.5,0.0,30,13.9,234,37.4
2026-08-03 20:00:00,28.6,75,23.7,1001.2,0.1,76,14.4,233,34.2
2026-08-03 21:00:00,28.4,77,23.9,1001.6,0.1,79,14.5,240,35.3
2026-08-03 22:00:00,28.2,79,24.2,1002.2,0.1,97,14.1,240,34.6
2026-08-03 23:00:00,28.1,78,24.0,1002.3,0.0,91,12.1,242,33.5
2026-08-04 00:00:00,27.8,80,24.0,1002.4,0.0,91,11.7,239,30.2
2026-08-04 01:00:00,27.6,82,24.2,1002.1,0.0,95,11.8,239,27.7
2026-08-04 02:00:00,27.5,82,24.2,1001.8,0.0,97,11.5,239,26.3
2026-08-04 03:00:00,27.4,83,24.2,1001.6,0.0,100,11.0,249,24.8
2026-08-04 04:00:00,27.4,83,24.2,1001.7,0.0,93,10.0,252,23.4
2026-08-04 05:00:00,28.0,81,24.4,1001.9,0.0,98,9.9,251,20.9
2026-08-04 06:00:00,27.8,81,24.3,1002.1,0.0,82,10.0,247,21.2
2026-08-04 07:00:00,28.3,77,24.0,1002.4,0.0,70,10.8,249,24.8
2026-08-04 08:00:00,29.3,71,23.6,1003.0,0.0,100,13.3,251,32.8
2026-08-04 09:00:00,30.0,67,23.3,1003.2,0.0,100,14.4,246,37.1
2026-08-04 10:00:00,30.3,67,23.4,1003.5,0.0,100,14.1,242,37.1
2026-08-04 11:00:00,31.0,63,23.2,1003.4,0.0,100,15.4,241,37.8
2026-08-04 12:00:00,31.3,62,23.2,1003.2,0.0,98,15.2,239,40.3
2026-08-04 13:00:00,31.4,62,23.3,1002.7,0.0,98,14.9,233,40.0
2026-08-04 14:00:00,31.3,63,23.4,1002.2,0.0,93,14.1,233,39.6
2026-08-04 15:00:00,31.2,63,23.3,1001.5,0.0,80,13.8,237,38.2
2026-08-04 16:00:00,30.6,66,23.6,1000.8,0.0,95,13.7,231,37.1
2026-08-04 17:00:00,30.5,67,23.6,1001.0,0.0,91,13.0,231,36.4
2026-08-04 18:00:00,29.5,72,23.9,1000.9,0.0,88,13.7,215,34.6
2026-08-04 19:00:00,29.1,76,24.3,1001.3,0.0,44,13.8,209,34.6
2026-08-04 20:00:00,28.7,77,24.3,1002.0,0.0,35,14.6,207,35.3
2026-08-04 21:00:00,28.4,78,24.2,1002.8,0.0,27,12.4,227,34.9
2026-08-04 22:00:00,28.2,79,24.3,1003.0,0.0,84,12.4,240,29.9
2026-08-04 23:00:00,28.4,80,24.7,1002.6,0.0,95,11.7,241,29.2
2026-08-05 00:00:00,28.1,83,25.0,1002.1,0.0,97,12.1,242,28.1
2026-08-05 01:00:00,27.9,85,25.1,1001.8,0.0,92,14.0,248,32.8
2026-08-05 02:00:00,27.7,86,25.2,1001.6,0.0,99,13.8,252,32.8
2026-08-05 03:00:00,27.6,87,25.2,1001.3,0.0,99,13.7,260,33.1
2026-08-05 04:00:00,27.5,87,25.2,1000.8,0.0,93,13.3,260,32.0
2026-08-05 05:00:00,28.0,83,24.9,1000.6,0.0,98,11.7,255,30.6
2026-08-05 06:00:00,27.8,85,24.9,1000.8,0.0,77,12.1,255,26.3
2026-08-05 07:00:00,28.0,83,24.9,1001.1,0.0,28,12.7,258,28.8
2026-08-05 08:00:00,29.0,77,24.6,1001.2,0.0,41,14.0,257,34.2
2026-08-05 09:00:00,30.1,70,24.1,1001.4,0.0,82,13.8,255,35.6
2026-08-05 10:00:00,31.2,64,23.6,1001.3,0.0,94,14.9,248,38.9
2026-08-05 11:00:00,31.1,64,23.5,1001.0,0.0,100,16.3,245,43.2
2026-08-05 12:00:00,31.3,63,23.4,1000.8,0.0,85,16.7,242,43.6
2026-08-05 13:00:00,31.5,61,23.2,1000.1,0.0,96,16.7,235,44.3
2026-08-05 14:00:00,31.7,62,23.4,999.7,0.0,56,17.7,231,46.1
2026-08-05 15:00:00,31.4,63,23.6,998.9,0.0,72,17.9,231,46.8
2026-08-05 16:00:00,31.0,66,23.9,998.3,0.0,55,18.5,228,47.2
2026-08-05 17:00:00,30.3,70,24.2,998.4,0.0,90,18.2,231,47.2
2026-08-05 18:00:00,29.5,74,24.3,998.5,0.0,95,18.5,227,46.1
2026-08-05 19:00:00,28.7,78,24.5,998.9,0.0,98,17.4,227,45.4
2026-08-05 20:00:00,28.3,80,24.5,999.2,0.0,95,16.0,234,42.1
2026-08-05 21:00:00,28.4,80,24.6,1000.1,0.0,100,14.0,235,37.8
2026-08-05 22:00:00,28.4,80,24.5,1000.5,0.0,89,13.0,246,32.8
2026-08-05 23:00:00,28.5,81,24.9,1000.1,0.0,71,14.7,248,32.8
2026-08-06 00:00:00,28.1,83,25.0,999.8,0.0,82,13.8,241,34.2
2026-08-06 01:00:00,27.8,85,25.1,999.3,0.0,61,12.6,239,31.7
2026-08-06 02:00:00,27.8,86,25.1,998.8,0.0,23,11.9,238,28.1
2026-08-06 03:00:00,27.6,87,25.2,998.5,0.0,16,13.0,241,28.1
2026-08-06 04:00:00,27.5,88,25.3,998.3,0.0,15,13.9,240,29.5
2026-08-06 05:00:00,27.5,87,25.1,998.5,0.0,16,13.8,249,29.5
2026-08-06 06:00:00,27.4,88,25.2,998.9,0.0,31,13.5,251,29.9
2026-08-06 07:00:00,27.8,85,25.0,999.2,0.0,28,15.9,252,36.4
2026-08-06 08:00:00,28.7,79,24.6,999.6,0.0,52,16.5,250,40.3
2026-08-06 09:00:00,29.6,73,24.2,999.9,0.1,96,17.1,245,42.8
2026-08-06 10:00:00,30.0,71,24.1,1000.0,0.1,100,17.1,242,42.8
2026-08-06 11:00:00,30.4,70,24.3,999.8,0.1,91,17.7,240,42.5
2026-08-06 12:00:00,30.9,68,24.3,999.5,0.1,98,17.9,239,45.4
2026-08-06 13:00:00,30.9,69,24.5,999.0,0.1,97,18.1,238,45.7
2026-08-06 14:00:00,30.6,70,24.5,998.9,0.1,95,18.7,238,46.4
2026-08-06 15:00:00,30.5,71,24.5,998.4,0.1,53,18.9,237,47.5
2026-08-06 16:00:00,30.4,71,24.6,997.7,0.0,99,19.5,232,49.0
2026-08-06 17:00:00,30.1,72,24.4,997.9,0.0,41,17.9,230,49.0
2026-08-06 18:00:00,29.4,73,24.0,997.9,0.0,52,17.1,232,43.9
2026-08-06 19:00:00,28.8,77,24.4,998.4,0.1,55,16.7,229,41.8
2026-08-06 20:00:00,28.5,78,24.3,998.9,0.1,42,15.7,224,39.6
2026-08-06 21:00:00,28.2,79,24.2,999.8,0.1,45,16.2,226,38.5
2026-08-06 22:00:00,27.8,85,25.0,1000.7,0.1,49,15.0,233,36.4
2026-08-06 23:00:00,27.9,84,24.9,1000.4,0.0,30,13.8,244,35.6
2026-08-07 00:00:00,27.6,85,24.9,1000.3,0.0,38,13.0,244,29.5
2026-08-07 01:00:00,27.5,86,24.9,999.9,0.0,29,11.8,246,27.7
2026-08-07 02:00:00,27.3,87,24.9,999.7,0.0,37,10.1,243,25.2
2026-08-07 03:00:00,27.4,85,24.7,999.1,0.0,11,12.6,234,26.3
2026-08-07 04:00:00,27.3,85,24.6,998.9,0.0,26,13.2,246,28.8
2026-08-07 05:00:00,27.5,84,24.6,999.2,0.0,27,12.1,253,27.7
2026-08-07 06:00:00,27.4,85,24.7,999.5,0.0,52,11.2,248,25.6
2026-08-07 07:00:00,27.9,83,24.7,1000.0,0.0,42,11.3,248,25.6
2026-08-07 08:00:00,28.8,77,24.3,1000.4,0.0,52,14.2,244,34.9
2026-08-07 09:00:00,29.5,72,24.0,1000.8,0.0,69,14.8,244,37.4
2026-08-07 10:00:00,30.5,67,23.7,1001.1,0.0,100,15.0,244,38.5
2026-08-07 11:00:00,30.7,65,23.5,1001.3,0.0,100,16.1,250,38.5
2026-08-07 12:00:00,30.9,65,23.5,1000.9,0.0,36,15.3,249,41.0
2026-08-07 13:00:00,31.7,61,23.3,1000.3,0.0,73,15.4,241,41.0
2026-08-07 14:00:00,31.1,65,23.8,1000.1,0.0,95,16.8,231,43.6
2026-08-07 15:00:00,30.2,70,24.1,999.7,0.0,45,16.4,228,43.6
2026-08-07 16:00:00,30.3,68,23.9,999.0,0.0,47,16.2,227,42.8
2026-08-07 17:00:00,30.0,69,23.8,999.0,0.0,26,15.3,236,41.8
2026-08-07 18:00:00,29.2,72,23.6,999.4,0.0,59,12.9,238,38.5
2026-08-07 19:00:00,28.7,74,23.6,999.7,0.0,88,13.4,231,32.8
2026-08-07 20:00:00,28.4,77,23.9,1000.0,0.0,98,14.5,225,36.4
2026-08-07 21:00:00,28.1,79,24.2,1000.8,0.0,58,12.1,235,34.2
2026-08-07 22:00:00,27.8,81,24.3,1000.9,0.0,10,12.9,242,30.6
2026-08-07 23:00:00,28.1,81,24.5,1001.3,0.0,59,12.0,252,31.7
2026-08-08 00:00:00,28.0,81,24.5,1001.0,0.0,98,11.1,258,30.2
2026-08-08 01:00:00,27.9,81,24.3,1000.7,0.0,74,11.5,256,27.0
2026-08-08 02:00:00,27.7,83,24.5,1000.4,0.0,64,12.4,249,27.4
2026-08-08 03:00:00,27.5,84,24.5,1000.2,0.0,41,12.0,252,26.6
2026-08-08 04:00:00,27.3,85,24.5,1000.0,0.0,20,10.8,252,25.2
2026-08-08 05:00:00,27.3,86,24.7,1000.6,0.0,31,10.8,260,22.3
2026-08-08 06:00:00,27.0,87,24.7,1000.5,0.0,57,9.6,254,23.0
2026-08-08 07:00:00,27.5,84,24.6,1001.0,0.0,75,10.5,245,24.5
2026-08-08 08:00:00,28.3,79,24.3,1001.3,0.0,65,12.2,244,30.6
2026-08-08 09:00:00,29.2,73,24.0,1001.7,0.0,65,13.1,243,33.5
2026-08-08 10:00:00,30.2,67,23.5,1002.0,0.0,99,13.8,242,36.0
2026-08-08 11:00:00,30.3,67,23.6,1002.5,0.1,98,14.6,236,38.2
2026-08-08 12:00:00,29.9,70,23.8,1002.3,0.1,100,15.4,234,39.2
2026-08-08 13:00:00,30.8,66,23.7,1001.9,0.0,98,15.0,232,40.3
2026-08-08 14:00:00,30.9,65,23.6,1001.3,0.0,98,14.4,224,40.0
2026-08-08 15:00:00,30.5,66,23.5,1000.6,0.0,92,13.2,223,38.9
2026-08-08 16:00:00,30.6,64,23.1,1000.1,0.0,55,11.6,221,36.4
2026-08-08 17:00:00,30.6,65,23.4,1000.1,0.0,12,11.7,229,32.8
2026-08-08 18:00:00,29.7,68,23.2,1000.3,0.0,34,11.7,225,31.7
2026-08-08 19:00:00,29.0,72,23.5,1000.8,0.0,79,12.1,223,31.3
2026-08-08 20:00:00,28.4,77,24.1,1001.6,0.0,5,11.9,228,30.2
2026-08-08 21:00:00,28.2,79,24.2,1002.2,0.0,100,11.5,226,28.8
2026-08-08 22:00:00,28.0,80,24.3,1003.0,0.0,95,11.5,230,28.8
2026-08-08 23:00:00,27.9,80,24.1,1003.3,0.0,30,10.5,250,28.1
2026-08-09 00:00:00,27.6,82,24.2,1003.4,0.0,19,9.9,258,25.6
2026-08-09 01:00:00,27.4,83,24.2,1003.2,0.0,20,9.7,266,23.8
2026-08-09 02:00:00,27.2,84,24.2,1002.6,0.0,30,8.7,274,24.5
2026-08-09 03:00:00,27.0,85,24.3,1002.6,0.0,12,7.6,267,21.2
2026-08-09 04:00:00,26.7,87,24.4,1002.3,0.0,9,8.5,258,19.4
2026-08-09 05:00:00,27.1,84,24.2,1002.3,0.0,5,8.5,269,18.7
2026-08-09 06:00:00,27.0,85,24.2,1002.9,0.0,62,7.9,266,17.3
2026-08-09 07:00:00,27.5,83,24.3,1003.3,0.0,21,8.9,262,20.9
2026-08-09 08:00:00,28.5,77,24.1,1003.6,0.0,36,10.7,258,27.4
2026-08-09 09:00:00,29.6,71,23.8,1003.7,0.0,72,10.4,255,28.4
2026-08-09 10:00:00,30.8,65,23.6,1003.7,0.0,100,10.2,247,28.8
2026-08-09 11:00:00,31.1,64,23.5,1003.8,0.0,100,10.4,240,29.5
2026-08-09 12:00:00,30.7,67,23.9,1003.4,0.0,100,12.5,229,33.5
2026-08-09 13:00:00,30.7,68,24.1,1003.1,0.0,98,14.5,226,38.9
2026-08-09 14:00:00,31.0,67,24.0,1002.7,0.0,63,15.0,225,40.7
2026-08-09 15:00:00,30.6,68,24.1,1002.1,0.0,19,15.9,228,42.5
2026-08-09 16:00:00,30.2,69,24.0,1001.8,0.0,23,15.8,229,42.5
2026-08-09 17:00:00,30.1,68,23.7,1001.9,0.0,50,15.8,234,41.8
2026-08-09 18:00:00,29.1,73,23.8,1001.9,0.0,10,14.0,244,40.3
2026-08-09 19:00:00,28.6,75,23.8,1002.4,0.0,8,12.5,243,35.3
2026-08-09 20:00:00,28.3,77,23.8,1002.9,0.0,23,11.1,236,30.6
2026-08-09 21:00:00,28.2,78,24.0,1003.2,0.0,4,12.9,238,31.0
2026-08-09 22:00:00,28.0,79,24.1,1004.0,0.0,15,12.5,249,31.0
2026-08-09 23:00:00,28.2,78,24.0,1003.8,0.0,69,14.3,259,31.3
2026-08-10 00:00:00,27.8,80,24.1,1003.4,0.1,69,15.1,267,35.6
2026-08-10 01:00:00,27.5,83,24.4,1003.1,0.0,36,12.7,278,35.6
2026-08-10 02:00:00,27.3,84,24.4,1002.7,0.0,42,9.7,282,29.2
2026-08-10 03:00:00,27.1,86,24.5,1002.4,0.0,28,9.4,271,22.3
2026-08-10 04:00:00,27.0,86,24.5,1002.1,0.0,30,11.2,273,23.8
2026-08-10 05:00:00,27.3,84,24.5,1002.4,0.0,31,12.9,279,25.6
2026-08-10 06:00:00,27.2,85,24.5,1002.5,0.0,22,11.5,269,27.4
2026-08-10 07:00:00,27.6,83,24.5,1002.9,0.0,15,13.0,264,30.6
2026-08-10 08:00:00,28.5,78,24.2,1003.2,0.0,14,13.6,259,33.1
2026-08-10 09:00:00,29.6,71,23.8,1003.4,0.0,36,16.0,258,40.3
2026-08-10 10:00:00,30.7,64,23.2,1003.4,0.0,99,16.9,256,42.8
2026-08-10 11:00:00,30.6,66,23.6,1003.4,0.0,100,18.9,256,46.1
2026-08-10 12:00:00,31.1,64,23.5,1002.7,0.0,100,18.9,255,47.9
2026-08-10 13:00:00,30.8,65,23.5,1002.1,0.0,98,18.6,252,47.9
2026-08-10 14:00:00,30.6,67,23.7,1001.6,0.0,100,18.8,244,47.5
2026-08-10 15:00:00,30.0,70,24.0,1001.1,0.0,98,19.5,236,48.2
2026-08-10 16:00:00,29.6,73,24.1,1000.4,0.0,56,19.5,239,49.3
2026-08-10 17:00:00,29.5,70,23.6,1000.4,0.0,95,20.2,244,48.6
2026-08-10 18:00:00,28.5,74,23.5,1000.4,0.0,77,20.1,247,50.0
2026-08-10 19:00:00,27.8,77,23.5,1000.8,0.0,80,18.2,250,48.6
2026-08-10 20:00:00,27.7,77,23.4,1001.3,0.0,93,17.1,246,42.5
2026-08-10 21:00:00,27.7,77,23.2,1001.9,0.1,99,14.5,245,40.7
2026-08-10 22:00:00,27.5,81,23.8,1002.7,0.1,95,13.6,259,32.0
2026-08-10 23:00:00,27.8,81,24.2,1002.0,0.0,98,14.6,257,33.1
2026-08-11 00:00:00,27.4,83,24.3,1001.4,0.0,100,14.0,263,34.6
2026-08-11 01:00:00,27.2,85,24.4,1000.9,0.0,100,13.4,266,31.7
2026-08-11 02:00:00,27.1,86,24.5,1000.1,0.0,99,12.9,262,29.2
2026-08-11 03:00:00,27.1,86,24.6,1000.1,0.0,98,12.5,258,28.1
2026-08-11 04:00:00,27.1,86,24.6,999.9,0.0,88,12.7,263,28.4
2026-08-11 05:00:00,27.4,83,24.3,1000.4,0.0,73,15.0,265,29.5
2026-08-11 06:00:00,27.4,83,24.4,1000.7,0.0,98,14.5,264,32.8
2026-08-11 07:00:00,27.7,83,24.4,1001.2,0.0,98,14.1,263,32.0
2026-08-11 08:00:00,28.7,76,24.0,1001.4,0.0,99,16.5,262,39.2
2026-08-11 09:00:00,29.2,72,23.7,1001.7,0.0,100,18.1,257,43.9
2026-08-11 10:00:00,29.5,71,23.6,1001.8,0.2,100,18.4,253,45.4
2026-08-11 11:00:00,30.1,69,23.7,1002.1,0.2,100,18.9,251,45.7
2026-08-11 12:00:00,30.2,69,23.8,1001.4,0.1,99,19.2,250,47.5
2026-08-11 13:00:00,30.1,69,23.9,1000.8,0.1,100,18.3,247,47.5
2026-08-11 14:00:00,30.2,71,24.3,1000.4,0.2,99,17.1,235,45.0
2026-08-11 15:00:00,29.8,72,24.3,999.5,0.1,98,16.9,237,43.6
2026-08-11 16:00:00,29.9,72,24.2,998.6,0.2,100,16.9,240,43.2
2026-08-11 17:00:00,29.5,73,24.1,999.0,0.1,99,16.1,241,42.5
2026-08-11 18:00:00,28.6,77,24.2,998.8,0.0,90,15.6,236,40.0
2026-08-11 19:00:00,28.0,80,24.2,999.5,0.0,74,14.5,231,38.5
2026-08-11 20:00:00,27.6,83,24.4,1000.4,0.0,48,12.7,232,34.6
2026-08-11 21:00:00,27.3,85,24.6,1001.1,0.0,29,11.6,238,30.2
2026-08-11 22:00:00,27.1,87,24.7,1001.3,0.0,31,11.2,240,27.4
2026-08-11 23:00:00,27.4,84,24.5,1001.2,0.0,59,11.9,256,27.7
2026-08-12 00:00:00,27.0,86,24.4,1001.1,0.0,88,10.1,253,25.6
2026-08-12 01:00:00,26.8,87,24.5,1001.1,0.0,41,9.2,242,21.2
2026-08-12 02:00:00,26.7,88,24.5,1000.8,0.0,54,9.7,242,20.5
2026-08-12 03:00:00,26.4,89,24.4,1000.6,0.0,75,10.5,245,22.3
2026-08-12 04:00:00,26.5,88,24.4,1000.9,0.0,100,10.3,245,23.0
2026-08-12 05:00:00,27.0,88,24.8,1001.2,0.0,99,10.0,247,22.0
2026-08-12 06:00:00,26.9,88,24.7,1001.5,0.0,100,10.9,248,23.0
2026-08-12 07:00:00,27.1,87,24.8,1002.0,0.0,99,11.5,250,25.9
2026-08-12 08:00:00,27.9,81,24.4,1002.4,0.1,84,13.1,251,32.0
2026-08-12 09:00:00,28.9,75,24.1,1002.7,0.0,95,13.1,251,33.1
2026-08-12 10:00:00,29.6,72,24.0,1002.7,0.1,100,13.9,245,35.3
2026-08-12 11:00:00,30.0,69,23.7,1002.6,0.0,100,14.7,244,35.6
2026-08-12 12:00:00,29.8,70,23.8,1002.0,0.0,100,15.2,241,38.5
2026-08-12 13:00:00,30.6,67,23.8,1001.8,0.0,100,14.9,238,39.6
2026-08-12 14:00:00,30.5,67,23.7,1001.4,0.0,70,13.9,233,38.5
2026-08-12 15:00:00,30.6,67,23.7,1001.1,0.0,98,13.1,228,37.4
2026-08-12 16:00:00,30.1,70,24.0,1000.9,0.0,98,13.1,221,35.3
2026-08-12 17:00:00,29.7,70,23.7,1000.8,0.0,100,13.9,230,34.9
2026-08-12 18:00:00,28.9,74,23.8,1001.2,0.0,99,13.7,230,36.0
2026-08-12 19:00:00,28.4,78,24.1,1001.7,0.0,97,12.0,231,34.2
2026-08-12 20:00:00,28.2,79,24.3,1002.5,0.0,99,10.7,222,29.9
2026-08-12 21:00:00,28.1,80,24.4,1003.2,0.0,98,10.7,220,26.3
2026-08-12 22:00:00,28.0,81,24.5,1003.9,0.0,99,10.4,231,25.6
2026-08-12 23:00:00,28.0,81,24.4,1004.1,0.0,81,12.8,248,27.4
2026-08-13 00:00:00,27.5,84,24.6,1003.8,0.1,45,11.7,256,30.6
2026-08-13 01:00:00,27.3,85,24.6,1003.4,0.0,57,11.7,256,29.5
2026-08-13 02:00:00,27.0,86,24.6,1003.1,0.0,71,10.7,254,27.0
2026-08-13 03:00:00,26.9,87,24.6,1003.1,0.0,47,9.7,254,22.7
2026-08-13 04:00:00,26.8,88,24.6,1002.9,0.0,59,11.0,251,24.1
2026-08-13 05:00:00,27.1,86,24.6,1002.9,0.0,41,10.7,254,25.6
2026-08-13 06:00:00,27.0,86,24.6,1003.2,0.0,77,10.7,253,23.4
2026-08-13 07:00:00,27.0,86,24.6,1003.3,0.0,50,11.9,260,27.0
2026-08-13 08:00:00,28.2,79,24.3,1003.4,0.1,66,14.2,262,34.9
2026-08-13 09:00:00,29.4,73,23.9,1003.5,0.0,93,15.3,258,38.2
2026-08-13 10:00:00,30.1,68,23.6,1003.7,0.1,100,15.1,255,39.2
2026-08-13 11:00:00,30.2,67,23.3,1004.3,0.2,100,15.5,255,38.9
2026-08-13 12:00:00,30.2,67,23.4,1003.8,0.0,89,15.7,251,40.0
2026-08-13 13:00:00,30.5,66,23.4,1003.3,0.0,25,16.0,245,41.4
2026-08-13 14:00:00,30.9,64,23.3,1002.6,0.0,27,16.1,239,42.8
2026-08-13 15:00:00,30.5,64,22.9,1002.2,0.0,77,16.0,237,42.8
2026-08-13 16:00:00,30.2,66,23.1,1001.4,0.0,88,16.1,234,42.5
2026-08-13 17:00:00,29.6,69,23.3,1001.8,0.0,91,16.8,237,41.8
2026-08-13 18:00:00,28.7,74,23.5,1002.0,0.0,41,14.8,237,41.0
2026-08-13 19:00:00,28.0,77,23.5,1002.2,0.0,88,14.6,236,37.1
2026-08-13 20:00:00,27.9,77,23.5,1002.8,0.1,52,14.5,235,35.3
2026-08-13 21:00:00,27.8,77,23.4,1003.2,0.1,43,15.6,235,37.1
2026-08-13 22:00:00,27.4,81,23.8,1003.8,0.1,34,15.0,250,37.4
2026-08-13 23:00:00,27.3,82,24.0,1003.6,0.1,22,15.5,258,34.9
2026-08-14 00:00:00,27.1,82,23.8,1003.5,0.0,22,13.2,256,39.2
2026-08-14 01:00:00,26.7,85,24.0,1003.1,0.0,41,12.1,255,29.9
2026-08-14 02:00:00,26.6,86,24.0,1002.4,0.0,62,11.7,255,28.1
2026-08-14 03:00:00,26.7,85,24.0,1002.0,0.0,55,12.7,259,27.4
2026-08-14 04:00:00,26.6,85,23.9,1001.9,0.0,83,13.0,265,27.7
2026-08-14 05:00:00,26.8,82,23.6,1001.5,0.0,30,12.8,264,28.8
2026-08-14 06:00:00,26.8,82,23.6,1001.7,0.0,29,13.5,265,29.2
2026-08-14 07:00:00,27.1,81,23.5,1002.1,0.0,75,14.4,269,32.0
2026-08-14 08:00:00,28.1,75,23.2,1002.5,0.0,72,15.6,262,37.8
2026-08-14 09:00:00,29.0,69,22.8,1002.9,0.0,86,16.4,255,41.0
2026-08-14 10:00:00,29.6,66,22.6,1002.9,0.0,91,17.3,249,43.6
2026-08-14 11:00:00,30.2,63,22.5,1003.0,0.1,98,19.1,246,46.4
2026-08-14 12:00:00,29.6,67,22.8,1003.0,0.1,98,18.2,240,47.2
2026-08-14 13:00:00,29.7,69,23.4,1002.6,0.3,97,19.3,231,47.9
2026-08-14 14:00:00,29.2,73,23.8,1002.6,0.1,88,19.2,225,48.6
2026-08-14 15:00:00,29.6,71,23.7,1002.2,0.2,88,19.3,224,49.3
2026-08-14 16:00:00,29.1,72,23.6,1001.3,0.2,95,19.6,229,49.3
2026-08-14 17:00:00,29.3,69,23.1,1001.4,0.2,96,18.0,237,48.6
2026-08-14 18:00:00,28.6,73,23.2,1001.6,0.0,87,16.4,230,44.3
2026-08-14 19:00:00,28.1,75,23.3,1001.8,0.0,40,16.3,224,40.0
2026-08-14 20:00:00,27.7,77,23.3,1002.1,0.0,5,15.1,234,38.9
2026-08-14 21:00:00,27.5,78,23.4,1002.7,0.0,23,14.0,235,37.8
2026-08-14 22:00:00,27.3,80,23.6,1003.3,0.0,48,13.4,244,32.4
2026-08-14 23:00:00,27.4,80,23.7,1002.8,0.0,63,14.9,257,31.7
2026-08-15 00:00:00,27.1,82,23.7,1002.6,0.0,77,12.5,250,32.0
2026-08-15 01:00:00,26.9,83,23.8,1002.2,0.0,68,11.4,259,27.0
2026-08-15 02:00:00,27.0,82,23.7,1002.0,0.0,75,11.7,257,24.8
2026-08-15 03:00:00,27.0,83,23.8,1001.8,0.0,66,12.7,257,27.4
2026-08-15 04:00:00,26.9,85,24.1,1001.8,0.0,98,13.2,259,28.8
2026-08-15 05:00:00,27.3,82,24.0,1001.8,0.0,48,13.4,262,28.1
2026-08-15 06:00:00,27.2,83,24.0,1002.1,0.0,100,12.4,257,28.4
2026-08-15 07:00:00,27.4,82,24.0,1002.5,0.0,100,12.0,257,25.9
2026-08-15 08:00:00,27.9,78,23.8,1002.8,0.0,98,13.8,263,32.4
2026-08-15 09:00:00,28.5,75,23.6,1003.3,0.0,98,14.9,251,35.6
2026-08-15 10:00:00,29.3,71,23.5,1003.4,0.1,100,15.6,246,39.2
2026-08-15 11:00:00,30.0,67,23.2,1003.6,0.1,100,16.1,241,40.0
2026-08-15 12:00:00,29.5,71,23.7,1003.4,0.1,73,16.7,237,42.1
2026-08-15 13:00:00,30.2,68,23.7,1003.0,0.1,80,16.1,234,42.5
2026-08-15 14:00:00,30.1,70,24.1,1002.5,0.1,99,16.6,228,42.5
2026-08-15 15:00:00,29.7,73,24.3,1001.8,0.0,29,16.9,226,43.6
2026-08-15 16:00:00,29.5,73,24.2,1001.6,0.0,39,16.4,226,43.6
2026-08-15 17:00:00,29.1,75,24.3,1001.8,0.0,24,15.9,225,42.1
2026-08-15 18:00:00,28.4,77,24.1,1001.9,0.0,2,13.9,228,39.2
2026-08-15 19:00:00,27.7,81,24.2,1002.1,0.0,5,12.5,237,34.2
2026-08-15 20:00:00,27.5,82,24.1,1002.6,0.0,23,11.7,234,30.2
2026-08-15 21:00:00,27.4,83,24.3,1003.2,0.1,26,12.7,234,29.5
2026-08-15 22:00:00,27.2,85,24.5,1003.3,0.0,6,12.5,237,30.2
2026-08-15 23:00:00,27.4,85,24.6,1003.2,0.0,62,12.6,245,28.4
2026-08-16 00:00:00,27.1,86,24.7,1003.2,0.0,93,11.5,253,26.6
2026-08-16 01:00:00,27.1,86,24.6,1002.7,0.0,77,10.9,263,27.4
2026-08-16 02:00:00,27.0,86,24.5,1001.9,0.0,21,10.9,258,24.5
2026-08-16 03:00:00,26.6,89,24.6,1001.7,0.0,27,10.9,254,23.8
2026-08-16 04:00:00,26.6,89,24.6,1001.5,0.0,34,11.8,249,24.1
2026-08-16 05:00:00,27.0,88,24.8,1001.4,0.0,100,12.8,259,25.6
2026-08-16 06:00:00,27.1,87,24.8,1001.7,0.0,100,12.2,262,28.8
2026-08-16 07:00:00,27.3,85,24.7,1001.9,0.0,100,11.7,265,27.0
2026-08-16 08:00:00,27.9,82,24.5,1002.1,0.0,76,11.9,255,29.2
2026-08-16 09:00:00,29.2,74,24.1,1002.3,0.0,93,13.5,247,34.2
2026-08-16 10:00:00,29.9,70,23.9,1001.9,0.1,100,16.8,247,41.8
2026-08-16 11:00:00,29.4,73,24.1,1002.2,0.2,100,18.0,244,43.6
2026-08-16 12:00:00,29.3,74,24.2,1001.8,0.2,98,17.7,242,44.6
2026-08-16 13:00:00,29.7,72,24.1,1001.2,0.1,91,17.7,237,45.0
2026-08-16 14:00:00,29.9,70,23.9,1000.7,0.0,90,16.8,235,45.4
2026-08-16 15:00:00,29.7,71,23.8,1000.5,0.0,92,16.5,230,43.6
2026-08-16 16:00:00,29.2,74,24.0,1000.3,0.1,88,16.9,225,43.2
2026-08-16 17:00:00,29.0,75,24.1,1000.6,0.1,42,17.5,219,42.8
2026-08-16 18:00:00,28.4,76,23.8,1001.0,0.0,31,17.1,220,43.6
2026-08-16 19:00:00,27.8,79,23.8,1001.4,0.0,48,16.7,226,41.8
2026-08-16 20:00:00,27.7,81,24.0,1001.9,0.2,66,16.4,227,39.6
2026-08-16 21:00:00,27.5,81,24.0,1002.7,0.0,81,16.2,226,38.9
2026-08-16 22:00:00,27.2,84,24.2,1003.2,0.0,86,14.6,238,38.2
2026-08-16 23:00:00,27.3,83,24.1,1002.8,0.0,28,14.4,250,32.0
2026-08-17 00:00:00,27.0,83,23.9,1002.6,0.0,37,13.7,253,30.6
2026-08-17 01:00:00,26.9,84,23.9,1002.3,0.0,27,14.3,252,30.6
2026-08-17 02:00:00,26.7,85,23.9,1001.8,0.0,24,15.0,256,32.0
2026-08-17 03:00:00,26.7,84,23.8,1001.3,0.0,28,15.4,256,32.8
2026-08-17 04:00:00,26.7,84,23.8,1001.0,0.0,40,15.0,257,32.4
2026-08-17 05:00:00,26.8,87,24.4,1001.2,0.0,55,12.7,255,31.7
2026-08-17 06:00:00,26.8,86,24.2,1001.5,0.0,41,12.2,250,26.6
2026-08-17 07:00:00,26.9,84,24.1,1002.0,0.0,55,12.2,251,28.1
2026-08-17 08:00:00,27.9,79,23.8,1002.4,0.1,92,15.2,248,36.7
2026-08-17 09:00:00,28.7,74,23.5,1002.6,0.1,57,16.5,247,40.7
2026-08-17 10:00:00,29.6,69,23.3,1002.9,0.0,50,16.3,245,42.1
2026-08-17 11:00:00,30.3,65,23.0,1003.0,0.1,97,16.9,241,43.2
2026-08-17 12:00:00,29.5,70,23.5,1002.7,0.2,90,17.6,232,43.9
2026-08-17 13:00:00,29.5,71,23.7,1002.2,0.1,86,18.6,230,46.4
2026-08-17 14:00:00,29.6,71,23.8,1002.1,0.0,62,18.9,229,47.9
2026-08-17 15:00:00,29.7,70,23.5,1001.6,0.1,91,18.7,229,48.2
2026-08-17 16:00:00,29.1,72,23.5,1001.5,0.1,97,19.1,232,47.9
2026-08-17 17:00:00,28.9,74,23.8,1001.7,0.2,100,18.7,231,47.2
2026-08-17 18:00:00,28.3,78,24.0,1002.0,0.0,66,17.9,232,46.1
2026-08-17 19:00:00,27.7,80,24.0,1002.1,0.0,43,17.6,230,43.2
2026-08-17 20:00:00,27.3,83,24.2,1002.7,0.0,31,16.9,232,41.4
2026-08-17 21:00:00,27.2,83,24.1,1003.2,0.0,52,15.9,239,41.4
2026-08-17 22:00:00,27.2,83,24.1,1004.0,0.0,55,13.7,247,36.7
2026-08-17 23:00:00,27.3,84,24.3,1003.8,0.0,53,13.9,250,29.5
2026-08-18 00:00:00,27.2,84,24.2,1003.5,0.0,59,13.2,250,29.9
2026-08-18 01:00:00,27.0,84,24.2,1003.3,0.0,95,13.5,251,28.8
2026-08-18 02:00:00,26.9,86,24.3,1003.0,0.0,98,13.7,254,29.5
2026-08-18 03:00:00,26.7,87,24.5,1002.7,0.0,88,13.7,259,29.2
2026-08-18 04:00:00,26.8,88,24.6,1002.5,0.0,55,14.0,262,29.9
2026-08-18 05:00:00,27.2,82,24.0,1002.3,0.0,50,14.2,267,29.5
2026-08-18 06:00:00,27.0,84,24.1,1002.6,0.0,20,13.4,265,30.2
2026-08-18 07:00:00,27.3,83,24.2,1003.0,0.0,91,13.1,268,28.4
2026-08-18 08:00:00,28.4,76,23.8,1003.5,0.0,99,17.7,266,41.4
2026-08-18 09:00:00,29.2,71,23.5,1003.8,0.0,100,17.5,260,42.8
2026-08-18 10:00:00,29.8,69,23.5,1004.2,0.0,100,17.3,251,43.2
2026-08-18 11:00:00,30.3,62,22.3,1004.4,0.0,55,19.1,252,43.6
2026-08-18 12:00:00,30.5,63,22.6,1004.3,0.0,88,19.2,248,49.0
2026-08-18 13:00:00,30.5,64,22.9,1003.9,0.0,95,19.6,241,50.0
2026-08-18 14:00:00,30.1,67,23.4,1003.4,0.0,99,20.3,237,50.8
2026-08-18 15:00:00,29.7,70,23.7,1003.0,0.2,100,21.0,233,51.8
2026-08-18 16:00:00,29.0,74,23.9,1002.3,0.1,98,20.2,231,51.5
2026-08-18 17:00:00,29.2,70,23.1,1002.6,0.1,99,19.3,241,49.3
2026-08-18 18:00:00,28.5,72,23.1,1002.8,0.1,98,19.0,241,47.2
2026-08-18 19:00:00,28.0,76,23.4,1003.0,0.1,95,19.3,243,46.1
2026-08-18 20:00:00,27.7,79,23.7,1003.5,0.1,97,18.4,247,45.7
2026-08-18 21:00:00,27.7,80,23.9,1003.9,0.1,98,18.5,245,43.2
2026-08-18 22:00:00,27.5,82,24.3,1004.2,0.1,98,16.7,243,43.2
2026-08-18 23:00:00,27.4,81,23.7,1004.5,0.0,95,16.9,253,42.5
2026-08-19 00:00:00,27.1,81,23.6,1004.2,0.0,98,15.7,257,36.7
2026-08-19 01:00:00,27.0,82,23.6,1004.1,0.0,98,15.3,262,33.8
2026-08-19 02:00:00,26.8,83,23.8,1003.5,0.0,98,15.3,261,33.1
2026-08-19 03:00:00,26.8,84,23.9,1003.3,0.0,95,15.4,260,33.1
2026-08-19 04:00:00,26.7,85,24.0,1003.1,0.0,91,15.7,260,33.5
2026-08-19 05:00:00,27.1,83,23.9,1003.1,0.0,97,16.8,261,33.5
2026-08-19 06:00:00,26.9,83,23.7,1003.1,0.0,79,15.9,264,35.6
2026-08-19 07:00:00,27.2,81,23.6,1003.6,0.0,70,15.2,265,34.6
2026-08-19 08:00:00,28.1,75,23.3,1004.0,0.0,82,18.7,263,44.3
2026-08-19 09:00:00,29.0,70,23.0,1004.4,0.0,79,18.2,261,45.7
2026-08-19 10:00:00,30.1,63,22.3,1004.6,0.0,98,18.5,259,46.8
2026-08-19 11:00:00,30.1,65,22.7,1004.5,0.0,99,20.0,253,48.6
2026-08-19 12:00:00,30.6,63,22.7,1004.3,0.0,97,19.7,247,50.8
2026-08-19 13:00:00,30.2,66,23.2,1004.1,0.0,97,19.8,239,50.0
2026-08-19 14:00:00,29.8,68,23.2,1003.6,0.1,89,19.7,237,50.0
2026-08-19 15:00:00,30.1,67,23.3,1002.9,0.0,90,20.7,231,52.2
2026-08-19 16:00:00,29.2,72,23.5,1002.4,0.1,78,20.4,233,51.8
2026-08-19 17:00:00,29.2,67,22.4,1003.0,0.3,86,19.8,246,50.0
2026-08-19 18:00:00,28.2,72,22.7,1003.3,0.0,97,18.6,243,47.5
2026-08-19 19:00:00,27.9,75,23.0,1003.7,0.1,98,17.4,247,43.9
2026-08-19 20:00:00,27.7,78,23.5,1004.3,0.1,55,16.0,243,41.4
2026-08-19 21:00:00,27.5,81,23.9,1004.8,0.1,30,18.0,242,41.4
2026-08-19 22:00:00,27.3,82,24.1,1005.1,0.0,32,17.7,245,41.4
2026-08-19 23:00:00,27.4,79,23.5,1005.2,0.0,62,16.5,248,38.2
2026-08-20 00:00:00,27.3,80,23.6,1004.9,0.0,100,16.8,255,36.7
2026-08-20 01:00:00,27.1,82,23.8,1004.4,0.0,48,17.3,262,38.9
2026-08-20 02:00:00,26.9,83,23.9,1003.9,0.0,46,16.3,264,39.2
2026-08-20 03:00:00,26.8,84,23.9,1003.4,0.0,46,15.2,265,35.3
2026-08-20 04:00:00,26.7,85,24.0,1003.2,0.0,45,15.0,264,32.4
2026-08-20 05:00:00,26.9,83,23.9,1003.4,0.0,40,13.8,263,32.0
2026-08-20 06:00:00,27.0,80,23.3,1003.7,0.0,9,13.4,258,29.2
2026-08-20 07:00:00,27.2,78,23.1,1004.0,0.0,49,12.9,258,28.4
2026-08-20 08:00:00,28.0,75,23.3,1004.2,0.0,95,17.1,256,40.0
2026-08-20 09:00:00,28.6,73,23.4,1004.4,0.0,97,17.8,256,43.6
2026-08-20 10:00:00,29.3,70,23.2,1004.7,0.1,100,17.1,251,43.2
2026-08-20 11:00:00,29.5,69,23.2,1005.0,0.2,100,17.2,249,42.8
2026-08-20 12:00:00,29.6,69,23.3,1004.9,0.1,100,17.3,241,43.9
2026-08-20 13:00:00,29.6,70,23.4,1004.5,0.0,59,16.4,235,44.3
2026-08-20 14:00:00,30.2,67,23.3,1003.8,0.0,97,16.7,232,43.6
2026-08-20 15:00:00,29.9,68,23.3,1003.0,0.1,90,16.4,231,43.6
2026-08-20 16:00:00,29.3,71,23.5,1002.7,0.2,91,17.3,228,43.2
2026-08-20 17:00:00,29.0,72,23.5,1002.8,0.2,82,17.5,233,44.6
2026-08-20 18:00:00,28.3,75,23.5,1003.1,0.1,63,17.2,239,43.6
2026-08-20 19:00:00,27.7,79,23.7,1003.4,0.1,45,16.6,244,41.8
2026-08-20 20:00:00,27.6,79,23.7,1004.0,0.0,20,15.9,244,39.2
2026-08-20 21:00:00,27.3,81,23.8,1004.5,0.1,26,15.9,242,38.2
2026-08-20 22:00:00,27.2,83,24.0,1004.8,0.0,16,16.0,243,38.5
2026-08-20 23:00:00,27.3,82,23.9,1004.3,0.0,26,13.8,244,36.7
2026-08-21 00:00:00,27.0,83,23.8,1004.3,0.0,48,12.4,248,29.2
2026-08-21 01:00:00,26.8,84,24.0,1003.7,0.0,68,12.6,253,27.0
2026-08-21 02:00:00,26.8,85,24.0,1003.2,0.0,69,12.8,254,27.7
2026-08-21 03:00:00,26.7,85,24.1,1002.9,0.0,79,12.6,253,27.4
2026-08-21 04:00:00,26.6,86,24.2,1002.8,0.0,78,13.6,253,28.4
2026-08-21 05:00:00,26.8,85,24.2,1003.1,0.0,45,14.0,258,29.2
2026-08-21 06:00:00,26.8,86,24.2,1003.6,0.0,91,13.5,260,29.9
2026-08-21 07:00:00,27.1,84,24.2,1004.1,0.0,91,12.8,261,29.2
2026-08-21 08:00:00,27.8,79,23.8,1004.5,0.0,98,14.4,260,35.3
2026-08-21 09:00:00,28.7,74,23.5,1004.9,0.0,100,15.7,253,38.9
2026-08-21 10:00:00,28.9,74,23.7,1004.9,0.1,100,16.4,245,40.7
2026-08-21 11:00:00,29.6,70,23.6,1005.0,0.1,100,17.8,242,43.2
2026-08-21 12:00:00,29.3,71,23.6,1004.5,0.1,100,17.2,242,44.3
2026-08-21 13:00:00,29.4,71,23.5,1003.9,0.1,98,16.6,241,43.2
2026-08-21 14:00:00,29.9,70,23.8,1003.3,0.1,86,17.5,238,44.6
2026-08-21 15:00:00,29.8,70,23.7,1002.6,0.0,54,17.9,238,45.4
2026-08-21 16:00:00,29.5,70,23.6,1001.9,0.1,92,18.0,241,46.4
2026-08-21 17:00:00,28.5,73,23.3,1002.3,0.2,100,17.4,246,45.7
2026-08-21 18:00:00,28.1,75,23.2,1002.4,0.0,95,15.5,247,41.8
2026-08-21 19:00:00,27.5,78,23.4,1002.7,0.0,100,15.3,240,37.8
2026-08-21 20:00:00,27.2,82,23.9,1002.9,0.0,20,15.4,236,36.0
2026-08-21 21:00:00,26.9,84,24.0,1003.4,0.0,21,15.1,235,38.9
2026-08-21 22:00:00,26.8,85,24.0,1003.8,0.0,19,15.2,237,32.8
2026-08-21 23:00:00,27.1,81,23.6,1003.6,0.0,45,14.2,244,33.5
2026-08-22 00:00:00,26.9,82,23.5,1003.3,0.0,31,13.7,253,30.6
2026-08-22 01:00:00,26.8,83,23.6,1003.0,0.0,84,13.4,256,29.2
2026-08-22 02:00:00,26.7,84,23.7,1002.7,0.0,55,13.9,253,29.5
2026-08-22 03:00:00,26.6,84,23.7,1002.6,0.0,49,14.4,250,30.6
2026-08-22 04:00:00,26.4,86,23.8,1002.5,0.0,34,15.0,251,31.7
2026-08-22 05:00:00,26.5,88,24.4,1002.3,0.1,38,14.6,254,32.8
2026-08-22 06:00:00,26.4,87,24.1,1002.8,0.0,74,13.8,254,31.0
2026-08-22 07:00:00,26.8,85,24.0,1003.5,0.0,70,12.4,253,28.8
2026-08-22 08:00:00,27.4,81,23.9,1003.9,0.1,100,16.8,251,38.9
2026-08-22 09:00:00,27.9,78,23.8,1004.3,0.1,98,18.6,247,43.2
2026-08-22 10:00:00,28.8,74,23.6,1004.3,0.1,90,19.5,251,47.2
2026-08-22 11:00:00,28.9,72,23.4,1004.0,0.1,100,20.6,254,49.3
2026-08-22 12:00:00,29.4,70,23.3,1003.4,0.1,100,19.5,256,50.0
2026-08-22 13:00:00,30.1,65,22.9,1002.7,0.0,95,18.4,252,47.5
2026-08-22 14:00:00,30.1,66,23.0,1002.3,0.0,98,18.5,248,47.5
2026-08-22 15:00:00,29.2,71,23.4,1001.5,0.1,96,18.1,242,46.4
2026-08-22 16:00:00,29.0,72,23.5,1001.0,0.2,91,18.1,237,44.6
2026-08-22 17:00:00,28.5,74,23.5,1001.1,0.1,91,18.4,238,45.4
2026-08-22 18:00:00,28.0,76,23.5,1000.9,0.0,32,18.1,237,43.9
2026-08-22 19:00:00,27.3,81,23.7,1001.0,0.0,38,17.0,233,46.1
2026-08-22 20:00:00,27.0,83,23.9,1001.6,0.0,16,15.7,233,37.4
2026-08-22 21:00:00,26.9,84,23.9,1002.2,0.0,35,13.8,233,33.5
2026-08-22 22:00:00,26.8,85,24.1,1002.8,0.0,30,14.5,232,31.0
2026-08-22 23:00:00,26.9,85,24.1,1002.6,0.0,31,14.6,240,31.3
2026-08-23 00:00:00,26.7,86,24.1,1002.4,0.0,28,13.7,242,30.6
2026-08-23 01:00:00,26.5,87,24.2,1002.0,0.0,32,13.3,238,28.8
2026-08-23 02:00:00,26.4,88,24.2,1001.6,0.0,80,13.0,241,28.1
2026-08-23 03:00:00,26.5,87,24.2,1001.1,0.0,43,13.0,246,28.1
2026-08-23 04:00:00,26.4,88,24.3,1000.8,0.0,95,12.7,249,28.1
2026-08-23 05:00:00,26.5,88,24.3,1001.1,0.0,96,14.0,247,26.6
2026-08-23 06:00:00,26.5,88,24.3,1001.2,0.0,87,14.5,249,30.6
2026-08-23 07:00:00,26.6,87,24.3,1002.0,0.0,69,14.6,252,31.3
2026-08-23 08:00:00,27.2,83,24.1,1002.6,0.0,95,15.3,251,37.8
2026-08-23 09:00:00,28.1,78,23.9,1003.0,0.0,100,14.7,245,36.7
2026-08-23 10:00:00,28.5,76,23.9,1003.4,0.1,100,14.5,238,36.7
2026-08-23 11:00:00,28.6,74,23.6,1003.9,0.2,100,15.3,242,37.8
2026-08-23 12:00:00,29.2,72,23.5,1003.6,0.1,100,15.1,241,38.9
2026-08-23 13:00:00,29.2,72,23.7,1003.0,0.1,99,14.3,231,37.8
2026-08-23 14:00:00,28.9,74,23.9,1002.6,0.0,98,14.7,222,37.8
2026-08-23 15:00:00,28.7,75,23.8,1002.0,0.0,92,13.6,223,37.4
2026-08-23 16:00:00,28.6,75,23.8,1001.8,0.0,95,13.5,216,35.6
2026-08-23 17:00:00,28.3,77,23.9,1001.6,0.0,95,12.3,214,34.9
2026-08-23 18:00:00,27.9,78,23.8,1002.0,0.0,98,12.0,206,31.7
2026-08-23 19:00:00,27.4,81,23.9,1002.3,0.0,35,12.1,207,32.0
2026-08-23 20:00:00,26.8,85,24.1,1003.0,0.0,2,11.3,219,27.4
2026-08-23 21:00:00,26.7,86,24.1,1003.8,0.0,19,10.2,228,24.1
2026-08-23 22:00:00,26.7,86,24.2,1004.6,0.0,21,8.8,229,20.9
2026-08-23 23:00:00,27.3,83,24.2,1004.4,0.0,100,7.9,225,18.0
2026-08-24 00:00:00,26.9,86,24.3,1004.2,0.0,96,7.7,217,16.9
2026-08-24 01:00:00,26.6,88,24.5,1003.8,0.0,30,8.2,221,16.6
2026-08-24 02:00:00,26.3,89,24.4,1003.4,0.0,5,8.8,223,18.0
2026-08-24 03:00:00,26.2,90,24.4,1003.3,0.0,24,8.6,231,18.0
2026-08-24 04:00:00,26.1,90,24.3,1003.4,0.0,93,7.6,239,17.3
2026-08-24 05:00:00,26.2,90,24.5,1003.9,0.0,30,7.7,258,15.1
2026-08-24 06:00:00,26.1,91,24.6,1003.9,0.0,2,6.8,258,15.5
2026-08-24 07:00:00,26.3,91,24.7,1004.3,0.0,10,6.4,278,13.0
2026-08-24 08:00:00,27.6,83,24.4,1004.6,0.0,25,8.1,270,20.9
2026-08-24 09:00:00,28.9,75,24.0,1004.6,0.0,37,8.3,256,22.3
2026-08-24 10:00:00,29.9,70,23.9,1004.6,0.0,96,8.8,244,24.8
2026-08-24 11:00:00,29.9,72,24.4,1005.0,0.0,100,10.4,247,26.6
2026-08-24 12:00:00,30.2,72,24.5,1004.4,0.0,93,10.8,242,29.5
2026-08-24 13:00:00,30.5,71,24.6,1003.9,0.0,95,11.2,222,31.0
2026-08-24 14:00:00,30.1,73,24.7,1003.9,0.0,43,12.6,216,34.6
2026-08-24 15:00:00,30.0,74,24.7,1003.1,0.0,45,12.6,218,35.3
2026-08-24 16:00:00,29.5,75,24.7,1002.8,0.0,44,12.0,213,34.2
2026-08-24 17:00:00,29.3,72,23.7,1002.7,0.0,2,12.0,235,32.4
2026-08-24 18:00:00,28.3,78,24.1,1002.8,0.0,2,11.1,240,31.3
2026-08-24 19:00:00,27.6,82,24.3,1003.5,0.0,7,10.2,229,27.7
2026-08-24 20:00:00,27.4,84,24.5,1004.2,0.0,8,13.0,221,32.4
2026-08-24 21:00:00,27.0,87,24.6,1004.5,0.0,15,12.5,219,32.8
2026-08-24 22:00:00,26.9,87,24.6,1005.0,0.0,19,12.6,222,31.7
2026-08-24 23:00:00,26.9,87,24.6,1005.7,0.0,26,10.7,240,27.0
2026-08-25 00:00:00,26.8,87,24.4,1005.7,0.0,23,10.3,243,22.7
2026-08-25 01:00:00,26.6,87,24.3,1005.2,0.0,28,10.2,247,22.0
2026-08-25 02:00:00,26.4,89,24.4,1004.8,0.0,40,10.0,249,21.6
2026-08-25 03:00:00,26.3,89,24.4,1004.1,0.0,62,9.9,245,21.2
2026-08-25 04:00:00,26.2,89,24.3,1003.8,0.0,55,8.7,252,20.9
2026-08-25 05:00:00,26.1,90,24.4,1003.9,0.0,13,7.9,259,17.6
2026-08-25 06:00:00,26.1,90,24.4,1004.4,0.0,7,7.3,260,16.2
2026-08-25 07:00:00,26.4,88,24.3,1004.6,0.0,5,7.1,255,15.5
2026-08-25 08:00:00,27.5,81,24.0,1005.1,0.0,19,8.7,256,22.7
2026-08-25 09:00:00,28.7,74,23.6,1005.2,0.0,23,9.0,247,25.2
2026-08-25 10:00:00,29.7,68,23.2,1005.0,0.0,94,9.8,238,27.7
2026-08-25 11:00:00,30.0,68,23.4,1005.5,0.0,100,12.5,233,32.4
2026-08-25 12:00:00,29.7,70,23.5,1005.4,0.0,99,13.4,231,35.6
2026-08-25 13:00:00,29.7,70,23.6,1004.8,0.0,22,13.8,227,37.4
2026-08-25 14:00:00,30.2,67,23.4,1004.2,0.0,26,14.4,228,39.2
2026-08-25 15:00:00,29.8,68,23.2,1003.8,0.0,58,14.8,225,39.6
2026-08-25 16:00:00,29.2,71,23.3,1003.5,0.0,59,15.0,227,40.0
2026-08-25 17:00:00,29.1,69,23.0,1003.8,0.0,18,13.4,238,39.6
2026-08-25 18:00:00,28.3,73,22.9,1003.9,0.0,23,12.7,234,34.9
2026-08-25 19:00:00,27.8,74,22.8,1004.4,0.0,43,12.9,235,32.8
2026-08-25 20:00:00,27.4,76,22.9,1005.1,0.0,31,12.9,235,32.0
2026-08-25 21:00:00,27.3,77,22.9,1005.7,0.0,19,12.1,232,31.7
2026-08-25 22:00:00,27.2,78,23.0,1006.1,0.0,16,12.2,232,29.2
2026-08-25 23:00:00,27.3,78,23.1,1005.9,0.0,25,10.9,250,31.0
2026-08-26 00:00:00,27.1,80,23.3,1006.0,0.0,52,10.3,251,23.0
2026-08-26 01:00:00,27.0,80,23.3,1005.6,0.0,27,10.6,246,22.7
2026-08-26 02:00:00,26.8,81,23.4,1005.2,0.0,36,11.4,251,24.1
2026-08-26 03:00:00,26.8,82,23.4,1005.2,0.0,27,11.4,254,24.5
2026-08-26 04:00:00,26.7,82,23.4,1004.8,0.0,33,11.0,259,23.8
2026-08-26 05:00:00,26.5,84,23.5,1005.0,0.0,27,10.4,261,23.0
2026-08-26 06:00:00,26.4,84,23.5,1005.2,0.0,34,11.0,259,22.7
2026-08-26 07:00:00,26.7,82,23.5,1005.5,0.0,44,11.4,259,26.3
2026-08-26 08:00:00,27.7,77,23.2,1005.8,0.0,42,12.9,255,31.7
2026-08-26 09:00:00,28.6,71,22.8,1005.9,0.0,70,13.9,246,35.3
2026-08-26 10:00:00,29.4,67,22.7,1005.8,0.0,100,14.8,249,38.2
2026-08-26 11:00:00,29.9,65,22.5,1006.1,0.0,100,14.9,255,39.6
2026-08-26 12:00:00,30.3,63,22.6,1005.4,0.0,100,15.9,250,41.4
2026-08-26 13:00:00,30.2,64,22.6,1005.0,0.0,100,16.1,245,42.1
2026-08-26 14:00:00,30.4,65,23.0,1004.2,0.0,77,16.4,241,43.2
2026-08-26 15:00:00,30.1,66,23.1,1003.4,0.0,99,16.6,240,43.9
2026-08-26 16:00:00,29.3,70,23.2,1002.9,0.0,79,16.5,242,43.6
2026-08-26 17:00:00,29.2,69,22.8,1003.2,0.0,69,16.5,240,42.1
2026-08-26 18:00:00,28.3,73,22.9,1003.5,0.0,88,15.3,238,41.8
2026-08-26 19:00:00,27.8,76,23.1,1003.8,0.1,88,14.9,234,37.8
2026-08-26 20:00:00,27.6,77,23.1,1004.3,0.1,80,14.9,232,36.0
2026-08-26 21:00:00,27.5,78,23.2,1005.0,0.1,79,15.4,236,37.1
2026-08-26 22:00:00,27.2,80,23.5,1005.5,0.1,80,15.5,244,36.7
2026-08-26 23:00:00,27.2,80,23.4,1005.4,0.1,32,14.9,242,37.1
2026-08-27 00:00:00,26.8,82,23.4,1004.8,0.0,49,14.1,245,32.8
2026-08-27 01:00:00,26.7,82,23.4,1004.9,0.0,47,13.6,246,30.2
2026-08-27 02:00:00,26.4,83,23.4,1004.4,0.0,83,14.0,248,29.9
2026-08-27 03:00:00,26.4,84,23.4,1004.0,0.0,80,14.2,248,30.2
2026-08-27 04:00:00,26.3,85,23.6,1003.8,0.0,79,15.4,251,32.8
2026-08-27 05:00:00,26.4,83,23.3,1004.0,0.0,74,15.9,254,34.2
2026-08-27 06:00:00,26.3,83,23.2,1004.4,0.0,59,15.9,258,34.9
2026-08-27 07:00:00,26.5,82,23.2,1004.7,0.0,42,16.1,260,36.7
2026-08-27 08:00:00,27.3,77,22.9,1004.8,0.0,78,18.6,258,43.9
2026-08-27 09:00:00,28.1,72,22.6,1005.1,0.1,100,19.0,260,46.8
2026-08-27 10:00:00,28.6,70,22.6,1005.2,0.1,100,19.5,259,47.9
2026-08-27 11:00:00,29.2,68,22.7,1005.2,0.1,100,20.4,261,49.0
2026-08-27 12:00:00,29.4,67,22.7,1004.5,0.1,100,19.9,260,51.5
2026-08-27 13:00:00,29.5,66,22.5,1004.0,0.0,99,18.9,254,49.7
2026-08-27 14:00:00,29.8,65,22.6,1003.3,0.0,91,18.7,242,47.9
2026-08-27 15:00:00,29.4,67,22.7,1002.6,0.0,52,18.5,239,47.9
2026-08-27 16:00:00,29.0,69,22.8,1002.2,0.0,73,18.3,239,47.2
2026-08-27 17:00:00,29.2,67,22.5,1002.3,0.0,54,19.0,239,46.4
2026-08-27 18:00:00,28.1,73,22.7,1002.5,0.0,71,18.9,239,46.4
2026-08-27 19:00:00,27.4,77,23.1,1003.0,0.0,56,18.3,241,45.4
2026-08-27 20:00:00,27.1,80,23.2,1003.3,0.0,34,16.4,243,42.8
2026-08-27 21:00:00,26.8,83,23.7,1003.7,0.0,23,14.7,242,38.5
2026-08-27 22:00:00,26.7,84,23.8,1004.4,0.1,37,15.5,244,36.4
2026-08-27 23:00:00,26.8,83,23.6,1004.3,0.0,64,15.6,254,36.0
2026-08-28 00:00:00,26.4,85,23.8,1003.8,0.0,28,15.2,254,34.6
2026-08-28 01:00:00,26.2,87,24.0,1003.7,0.0,12,14.3,253,32.8
2026-08-28 02:00:00,26.0,89,24.1,1003.1,0.0,21,13.9,250,30.6
2026-08-28 03:00:00,25.8,90,24.1,1002.8,0.0,14,13.0,246,29.5
2026-08-28 04:00:00,25.8,90,24.1,1002.8,0.0,20,13.0,246,27.4
2026-08-28 05:00:00,25.8,91,24.2,1003.0,0.0,31,14.6,252,30.6
2026-08-28 06:00:00,25.7,92,24.3,1003.2,0.0,37,14.3,258,31.0
2026-08-28 07:00:00,26.0,90,24.2,1003.8,0.0,45,14.9,258,34.9
2026-08-28 08:00:00,27.1,81,23.7,1004.1,0.1,54,16.8,255,40.3
2026-08-28 09:00:00,28.1,75,23.3,1004.2,0.0,81,17.5,251,43.2
2026-08-28 10:00:00,29.1,70,23.0,1004.2,0.0,100,17.8,250,45.4
2026-08-28 11:00:00,29.6,65,22.4,1004.5,0.0,99,19.2,253,45.7
2026-08-28 12:00:00,29.4,65,22.2,1004.0,0.0,100,18.5,255,48.2
2026-08-28 13:00:00,29.6,65,22.4,1003.5,0.0,99,17.8,250,47.2
2026-08-28 14:00:00,30.2,63,22.4,1002.9,0.0,95,17.4,242,46.1
2026-08-28 15:00:00,29.4,69,23.0,1002.4,0.0,97,18.0,238,46.4
2026-08-28 16:00:00,28.9,71,23.1,1002.0,0.0,98,18.3,238,46.4
2026-08-28 17:00:00,28.5,75,23.7,1002.3,0.1,100,19.2,236,46.1
2026-08-28 18:00:00,27.4,81,23.9,1002.3,0.0,85,18.8,233,47.2
2026-08-28 19:00:00,26.7,84,23.8,1002.8,0.0,29,17.7,235,45.0
2026-08-28 20:00:00,26.4,86,23.9,1002.8,0.0,21,17.4,240,41.4
2026-08-28 21:00:00,26.4,85,23.7,1003.6,0.0,44,16.1,242,40.7
2026-08-28 22:00:00,26.4,85,23.8,1004.5,0.1,38,15.1,250,36.4
2026-08-28 23:00:00,26.4,87,24.2,1004.3,0.0,100,16.0,258,34.6
2026-08-29 00:00:00,26.0,91,24.4,1004.2,0.1,61,14.8,257,38.2
2026-08-29 01:00:00,26.1,91,24.4,1003.7,0.0,20,13.3,249,33.1
2026-08-29 02:00:00,25.8,92,24.4,1003.1,0.0,30,14.5,249,31.3
2026-08-29 03:00:00,25.8,91,24.2,1002.9,0.0,39,14.6,250,31.7
2026-08-29 04:00:00,25.8,90,24.0,1002.9,0.0,49,15.8,251,33.5
2026-08-29 05:00:00,25.9,90,24.1,1002.9,0.0,48,16.8,252,36.4
2026-08-29 06:00:00,25.8,91,24.1,1003.2,0.0,47,16.9,256,36.0
2026-08-29 07:00:00,25.8,90,24.1,1003.8,0.0,30,17.5,255,40.0
2026-08-29 08:00:00,27.0,81,23.5,1004.1,0.2,63,19.5,256,46.1
2026-08-29 09:00:00,27.8,76,23.2,1004.5,0.1,59,20.4,254,49.3
2026-08-29 10:00:00,28.8,71,23.0,1004.9,0.1,99,20.9,251,51.8
2026-08-29 11:00:00,28.7,70,22.7,1005.2,0.1,99,22.2,249,52.6
2026-08-29 12:00:00,29.1,67,22.4,1004.9,0.1,98,21.2,252,55.1
2026-08-29 13:00:00,29.3,67,22.6,1004.3,0.1,98,21.4,250,52.6
2026-08-29 14:00:00,29.0,70,23.0,1003.6,0.1,98,21.2,248,52.9
2026-08-29 15:00:00,28.5,73,23.2,1003.1,0.2,97,20.6,247,52.2
2026-08-29 16:00:00,28.3,73,23.0,1002.4,0.1,94,20.0,244,50.4
2026-08-29 17:00:00,28.1,74,23.0,1002.3,0.1,91,20.7,241,48.6
2026-08-29 18:00:00,27.3,78,23.1,1002.1,0.0,95,19.6,240,50.0
2026-08-29 19:00:00,26.7,82,23.4,1002.4,0.0,53,17.8,240,46.8
2026-08-29 20:00:00,26.3,85,23.7,1002.9,0.1,22,16.1,243,41.8
2026-08-29 21:00:00,26.2,87,23.8,1003.8,0.0,46,14.0,239,37.4
2026-08-29 22:00:00,26.0,87,23.7,1004.2,0.0,39,13.2,241,30.6
2026-08-29 23:00:00,26.4,86,24.0,1004.0,0.0,38,15.2,243,30.6
2026-08-30 00:00:00,26.1,88,24.0,1003.7,0.0,81,14.3,250,33.1
2026-08-30 01:00:00,26.0,89,24.0,1003.2,0.0,26,14.6,251,32.4
2026-08-30 02:00:00,25.8,91,24.1,1002.7,0.0,23,15.1,250,32.8
2026-08-30 03:00:00,25.7,91,24.2,1002.3,0.0,32,15.5,248,33.1
2026-08-30 04:00:00,25.8,90,24.0,1002.2,0.0,30,16.8,251,36.0
2026-08-30 05:00:00,25.9,87,23.6,1002.1,0.0,30,17.6,256,37.4
2026-08-30 06:00:00,25.8,88,23.6,1002.4,0.0,46,16.5,257,37.4
2026-08-30 07:00:00,26.1,87,23.8,1003.1,0.0,86,16.5,254,36.7
2026-08-30 08:00:00,26.9,82,23.6,1003.4,0.0,99,19.1,252,44.3
2026-08-30 09:00:00,27.7,76,23.1,1003.9,0.1,99,20.0,252,48.2
2026-08-30 10:00:00,28.4,73,23.0,1004.3,0.2,99,20.9,246,49.7
2026-08-30 11:00:00,28.3,75,23.4,1004.7,0.2,100,22.4,237,52.2
2026-08-30 12:00:00,28.6,74,23.5,1004.4,0.4,100,23.2,238,56.2
2026-08-30 13:00:00,28.6,74,23.6,1004.0,0.3,99,22.6,239,56.2
2026-08-30 14:00:00,28.5,74,23.5,1003.5,0.3,99,21.5,239,55.1
2026-08-30 15:00:00,28.2,76,23.7,1003.2,0.3,98,21.0,237,52.6
2026-08-30 16:00:00,28.0,77,23.6,1002.8,0.1,92,20.0,238,51.1
2026-08-30 17:00:00,27.8,79,23.7,1002.7,0.1,61,19.0,237,49.0
2026-08-30 18:00:00,27.2,81,23.7,1002.8,0.1,44,18.0,232,45.4
2026-08-30 19:00:00,26.5,86,23.9,1003.2,0.1,35,15.9,231,42.8
2026-08-30 20:00:00,26.1,88,24.0,1003.7,0.0,27,14.3,237,34.6
2026-08-30 21:00:00,26.1,88,24.0,1004.2,0.0,77,13.4,237,31.0
2026-08-30 22:00:00,26.0,89,24.0,1004.8,0.0,71,13.0,241,28.8
2026-08-30 23:00:00,26.1,89,24.1,1004.5,0.0,49,13.8,249,29.9
2026-08-31 00:00:00,25.9,90,24.2,1004.2,0.0,91,13.7,245,30.2
2026-08-31 01:00:00,25.8,90,24.0,1004.0,0.0,95,13.9,246,29.9
2026-08-31 02:00:00,25.7,90,24.0,1003.4,0.0,95,15.5,248,33.1
2026-08-31 03:00:00,25.7,91,24.1,1003.2,0.0,94,16.3,249,34.9
2026-08-31 04:00:00,25.6,91,24.1,1003.2,0.0,92,15.9,250,35.3
2026-08-31 05:00:00,25.7,87,23.3,1003.3,0.1,69,14.4,262,33.5
2026-08-31 06:00:00,25.8,87,23.4,1003.4,0.0,54,14.8,260,31.0
2026-08-31 07:00:00,25.9,87,23.6,1003.7,0.0,88,15.6,256,33.5
2026-08-31 08:00:00,26.7,83,23.5,1004.2,0.1,98,18.3,251,42.5
2026-08-31 09:00:00,27.4,78,23.1,1004.3,0.1,100,18.6,245,45.0
2026-08-31 10:00:00,28.0,75,23.1,1004.6,0.2,100,18.4,243,45.4
2026-08-31 11:00:00,28.3,74,23.3,1004.7,0.2,98,20.3,240,47.5
2026-08-31 12:00:00,28.6,73,23.2,1004.3,0.2,100,20.4,241,50.0
2026-08-31 13:00:00,28.7,72,23.3,1003.7,0.2,99,19.8,241,50.4
2026-08-31 14:00:00,28.7,73,23.4,1003.2,0.1,54,18.8,241,49.3
2026-08-31 15:00:00,28.8,72,23.3,1002.8,0.2,90,18.0,237,47.2
2026-08-31 16:00:00,28.1,76,23.5,1002.1,0.2,84,17.6,232,44.6
2026-08-31 17:00:00,28.0,77,23.5,1002.1,0.2,89,17.2,232,42.8
2026-08-31 18:00:00,27.1,81,23.6,1002.3,0.2,91,16.5,229,41.8
2026-08-31 19:00:00,26.7,83,23.7,1002.6,0.1,80,14.0,227,38.9
2026-08-31 20:00:00,26.4,87,24.0,1002.8,0.0,77,12.1,230,35.6
2026-08-31 21:00:00,26.2,88,24.1,1003.4,0.0,98,12.2,233,27.7
2026-08-31 22:00:00,26.2,88,24.1,1004.0,0.0,98,12.9,237,27.7
2026-08-31 23:00:00,26.3,87,24.0,1004.0,0.0,70,13.1,243,27.7
2026-09-01 00:00:00,26.0,88,23.9,1003.7,0.0,29,11.8,242,27.7
2026-09-01 01:00:00,25.8,88,23.8,1003.4,0.0,23,12.0,242,25.6
2026-09-01 02:00:00,25.7,89,23.8,1002.8,0.0,25,12.4,244,26.3
2026-09-01 03:00:00,25.4,91,23.8,1002.6,0.0,68,12.3,245,26.3
2026-09-01 04:00:00,25.4,91,23.9,1002.5,0.0,89,13.1,249,27.4
2026-09-01 05:00:00,25.6,91,24.1,1002.4,0.0,80,12.8,250,29.2
2026-09-01 06:00:00,25.6,91,24.0,1002.5,0.1,93,12.4,251,27.4
2026-09-01 07:00:00,25.9,88,23.8,1003.0,0.0,99,12.2,251,26.6
2026-09-01 08:00:00,26.9,82,23.5,1003.6,0.1,97,14.9,247,35.6
2026-09-01 09:00:00,27.7,76,23.2,1003.9,0.1,92,15.5,243,38.9
2026-09-01 10:00:00,28.2,73,22.9,1004.5,0.1,100,16.5,241,41.8
2026-09-01 11:00:00,28.6,71,22.8,1004.8,0.1,91,16.9,236,42.8
2026-09-01 12:00:00,28.8,69,22.7,1004.6,0.1,97,16.8,232,43.2
2026-09-01 13:00:00,29.2,68,22.7,1004.3,0.1,84,16.8,232,43.6
2026-09-01 14:00:00,29.1,69,22.7,1003.7,0.2,82,15.7,231,43.6
2026-09-01 15:00:00,28.8,71,23.0,1003.3,0.1,98,15.3,220,41.0
2026-09-01 16:00:00,28.2,76,23.5,1002.9,0.1,62,15.6,214,40.3
2026-09-01 17:00:00,27.8,78,23.6,1003.1,0.0,15,14.0,217,39.6
2026-09-01 18:00:00,27.1,81,23.5,1003.3,0.0,21,12.3,224,35.3
2026-09-01 19:00:00,26.2,85,23.5,1003.6,0.2,70,12.7,216,31.0
2026-09-01 20:00:00,26.4,85,23.7,1004.4,0.2,98,12.3,212,32.4
