time,pm10,pm2_5,carbon_monoxide,nitrogen_dioxide,sulphur_dioxide,ozone,dust,aerosol_optical_depth,us_aqi
2026-06-23 00:00:00,62.2,27.1,163.0,9.7,5.4,44.0,54.0,0.65,79
2026-06-23 01:00:00,57.4,25.3,146.0,7.7,4.8,46.0,51.0,0.63,79
2026-06-23 02:00:00,56.8,24.9,133.0,6.2,4.4,48.0,48.0,0.59,79
2026-06-23 03:00:00,54.8,24.4,123.0,5.5,4.4,48.0,45.0,0.57,79
2026-06-23 04:00:00,49.4,21.4,117.0,5.3,4.5,48.0,41.0,0.55,79
2026-06-23 05:00:00,39.9,17.2,126.0,5.1,4.4,49.0,37.0,0.56,78
2026-06-23 06:00:00,39.0,17.0,166.0,6.5,4.7,48.0,38.0,0.56,78
2026-06-23 07:00:00,42.1,17.8,221.0,8.3,5.2,47.0,39.0,0.55,78
2026-06-23 08:00:00,46.1,19.7,254.0,9.1,5.5,49.0,41.0,0.53,78
2026-06-23 09:00:00,47.6,19.6,242.0,7.9,5.5,56.0,45.0,0.51,78
2026-06-23 10:00:00,52.4,20.5,207.0,5.6,5.2,65.0,50.0,0.51,78
2026-06-23 11:00:00,53.7,21.0,181.0,3.8,5.0,72.0,54.0,0.49,78
2026-06-23 12:00:00,54.5,21.0,176.0,3.0,4.8,75.0,57.0,0.48,78
2026-06-23 13:00:00,55.2,21.5,179.0,2.8,4.5,76.0,59.0,0.48,78
2026-06-23 14:00:00,57.7,22.4,186.0,2.9,4.3,74.0,59.0,0.48,78
2026-06-23 15:00:00,58.0,22.5,199.0,3.5,4.2,70.0,57.0,0.49,78
2026-06-23 16:00:00,55.6,21.9,216.0,4.5,4.2,63.0,52.0,0.51,78
2026-06-23 17:00:00,73.8,27.4,225.0,5.5,3.9,58.0,77.0,0.55,78
2026-06-23 18:00:00,68.9,26.7,218.0,6.8,4.1,54.0,72.0,0.59,77
2026-06-23 19:00:00,65.4,26.4,203.0,8.5,4.3,48.0,66.0,0.62,77
2026-06-23 20:00:00,67.3,27.8,189.0,9.7,4.5,43.0,61.0,0.65,77
2026-06-23 21:00:00,66.1,27.9,181.0,10.0,4.7,41.0,58.0,0.68,77
2026-06-23 22:00:00,65.7,28.6,175.0,9.9,4.8,41.0,56.0,0.7,77
2026-06-23 23:00:00,65.4,28.3,166.0,9.2,4.8,42.0,55.0,0.71,77
2026-06-24 00:00:00,64.0,27.2,150.0,7.7,4.5,43.0,54.0,0.72,77
2026-06-24 01:00:00,61.5,26.0,130.0,5.7,3.9,45.0,53.0,0.7,77
2026-06-24 02:00:00,60.3,25.4,116.0,4.2,3.6,47.0,52.0,0.68,77
2026-06-24 03:00:00,56.2,24.2,106.0,3.7,3.6,47.0,48.0,0.65,77
2026-06-24 04:00:00,51.9,22.6,101.0,3.8,3.7,47.0,44.0,0.64,77
2026-06-24 05:00:00,43.8,16.7,113.0,4.3,3.9,47.0,46.0,0.63,77
2026-06-24 06:00:00,37.8,15.6,160.0,5.5,4.2,47.0,45.0,0.64,77
2026-06-24 07:00:00,44.1,18.2,224.0,7.1,4.6,46.0,43.0,0.64,77
2026-06-24 08:00:00,45.6,18.9,263.0,7.8,4.8,48.0,42.0,0.64,77
2026-06-24 09:00:00,47.6,19.7,250.0,6.8,4.7,54.0,43.0,0.63,77
2026-06-24 10:00:00,49.9,20.3,211.0,5.0,4.5,63.0,45.0,0.63,77
2026-06-24 11:00:00,48.9,20.1,182.0,3.6,4.3,69.0,46.0,0.63,77
2026-06-24 12:00:00,48.5,20.0,176.0,3.2,4.1,70.0,45.0,0.63,77
2026-06-24 13:00:00,47.4,19.7,180.0,3.2,4.0,68.0,43.0,0.63,77
2026-06-24 14:00:00,46.6,19.4,187.0,3.5,3.9,65.0,41.0,0.63,77
2026-06-24 15:00:00,47.1,19.7,200.0,4.1,3.9,61.0,40.0,0.62,76
2026-06-24 16:00:00,47.5,20.0,216.0,4.9,3.9,56.0,39.0,0.6,76
2026-06-24 17:00:00,46.4,20.3,226.0,6.0,4.0,52.0,38.0,0.59,76
2026-06-24 18:00:00,47.3,20.6,223.0,7.6,4.2,48.0,37.0,0.57,75
2026-06-24 19:00:00,46.6,20.8,213.0,9.3,4.3,44.0,35.0,0.56,75
2026-06-24 20:00:00,45.5,21.0,204.0,10.4,4.5,42.0,34.0,0.54,75
2026-06-24 21:00:00,43.9,20.7,200.0,10.3,4.6,42.0,34.0,0.52,74
2026-06-24 22:00:00,42.4,20.4,197.0,9.5,4.6,44.0,33.0,0.5,73
2026-06-24 23:00:00,44.8,20.5,189.0,8.6,4.6,45.0,33.0,0.49,73
2026-06-25 00:00:00,40.6,19.1,169.0,7.5,4.4,46.0,32.0,0.49,72
2026-06-25 01:00:00,33.3,15.1,145.0,6.2,4.0,47.0,31.0,0.48,72
2026-06-25 02:00:00,33.8,14.8,127.0,5.2,3.8,48.0,29.0,0.49,71
2026-06-25 03:00:00,36.2,16.4,119.0,4.8,3.8,48.0,27.0,0.48,70
2026-06-25 04:00:00,31.1,13.9,119.0,4.7,4.0,48.0,25.0,0.48,69
2026-06-25 05:00:00,29.6,13.3,131.0,4.9,4.2,48.0,24.0,0.51,69
2026-06-25 06:00:00,28.7,13.2,170.0,5.8,4.5,48.0,25.0,0.52,68
2026-06-25 07:00:00,37.0,16.9,221.0,7.1,4.7,48.0,26.0,0.54,68
2026-06-25 08:00:00,38.1,17.5,251.0,7.6,4.9,50.0,28.0,0.56,68
2026-06-25 09:00:00,40.4,18.1,238.0,6.5,4.9,57.0,30.0,0.59,68
2026-06-25 10:00:00,42.0,18.3,203.0,4.7,4.7,66.0,33.0,0.61,68
2026-06-25 11:00:00,41.8,18.0,177.0,3.3,4.5,73.0,35.0,0.63,68
2026-06-25 12:00:00,42.1,18.1,173.0,2.8,4.3,75.0,36.0,0.65,67
2026-06-25 13:00:00,42.1,18.2,179.0,2.8,4.1,73.0,36.0,0.67,67
2026-06-25 14:00:00,42.3,18.2,188.0,3.2,4.0,71.0,35.0,0.68,67
2026-06-25 15:00:00,40.7,18.0,204.0,3.9,4.0,67.0,34.0,0.67,67
2026-06-25 16:00:00,40.4,18.1,223.0,4.9,4.0,62.0,32.0,0.65,67
2026-06-25 17:00:00,49.2,22.6,235.0,6.5,4.5,57.0,36.0,0.75,67
2026-06-25 18:00:00,50.5,22.8,232.0,8.3,4.8,53.0,35.0,0.7,67
2026-06-25 19:00:00,48.7,22.2,221.0,10.7,5.2,47.0,33.0,0.65,67
2026-06-25 20:00:00,45.6,21.5,212.0,12.4,5.5,43.0,32.0,0.6,67
2026-06-25 21:00:00,44.2,21.4,212.0,12.9,5.7,41.0,31.0,0.54,67
2026-06-25 22:00:00,39.8,19.0,214.0,12.8,5.9,41.0,30.0,0.51,67
2026-06-25 23:00:00,38.9,18.2,207.0,12.1,5.9,41.0,30.0,0.49,67
2026-06-26 00:00:00,38.0,17.6,182.0,10.7,5.5,42.0,31.0,0.48,67
2026-06-26 01:00:00,38.8,17.5,149.0,8.7,5.0,45.0,32.0,0.48,67
2026-06-26 02:00:00,38.8,17.5,127.0,7.3,4.7,46.0,33.0,0.44,67
2026-06-26 03:00:00,38.9,17.5,122.0,6.9,4.8,45.0,32.0,0.43,67
2026-06-26 04:00:00,38.8,17.5,127.0,6.9,5.1,44.0,32.0,0.46,67
2026-06-26 05:00:00,41.7,18.2,144.0,7.4,5.5,43.0,37.0,0.46,68
2026-06-26 06:00:00,40.7,18.5,183.0,8.0,5.8,44.0,40.0,0.45,68
2026-06-26 07:00:00,48.5,20.1,232.0,8.8,6.2,45.0,45.0,0.45,69
2026-06-26 08:00:00,53.1,21.5,262.0,9.0,6.4,49.0,49.0,0.44,69
2026-06-26 09:00:00,55.8,22.2,252.0,7.9,6.3,57.0,53.0,0.44,69
2026-06-26 10:00:00,58.0,22.7,222.0,6.1,6.0,66.0,57.0,0.44,69
2026-06-26 11:00:00,59.3,23.1,199.0,4.7,5.7,73.0,59.0,0.45,70
2026-06-26 12:00:00,57.9,22.7,194.0,4.0,5.5,75.0,56.0,0.43,70
2026-06-26 13:00:00,57.2,22.7,196.0,3.7,5.2,74.0,51.0,0.44,71
2026-06-26 14:00:00,51.3,21.6,202.0,3.7,5.0,72.0,46.0,0.4,71
2026-06-26 15:00:00,48.3,20.9,213.0,4.1,4.8,68.0,44.0,0.39,71
2026-06-26 16:00:00,48.0,20.7,227.0,5.0,4.7,63.0,42.0,0.39,71
2026-06-26 17:00:00,39.2,17.3,236.0,6.0,4.5,59.0,33.0,0.29,72
2026-06-26 18:00:00,41.1,18.2,236.0,7.6,4.8,54.0,33.0,0.31,71
2026-06-26 19:00:00,43.1,19.4,231.0,9.8,5.2,48.0,33.0,0.32,71
2026-06-26 20:00:00,42.8,19.6,223.0,11.4,5.5,43.0,33.0,0.32,71
2026-06-26 21:00:00,43.0,19.8,212.0,12.0,5.7,41.0,33.0,0.33,70
2026-06-26 22:00:00,43.3,20.1,198.0,12.1,5.8,41.0,33.0,0.33,70
2026-06-26 23:00:00,41.7,19.6,183.0,11.9,5.9,41.0,32.0,0.33,70
2026-06-27 00:00:00,39.3,18.4,167.0,11.2,5.8,41.0,31.0,0.33,70
2026-06-27 01:00:00,36.3,16.9,150.0,10.2,5.6,42.0,30.0,0.34,71
2026-06-27 02:00:00,35.4,16.4,139.0,9.4,5.6,42.0,29.0,0.36,70
2026-06-27 03:00:00,34.9,16.1,132.0,9.2,5.8,41.0,27.0,0.36,70
2026-06-27 04:00:00,33.4,15.7,129.0,9.3,6.2,40.0,26.0,0.36,70
2026-06-27 05:00:00,33.4,15.5,140.0,8.3,6.2,42.0,27.0,0.36,70
2026-06-27 06:00:00,32.6,15.5,178.0,8.6,6.4,44.0,29.0,0.36,70
2026-06-27 07:00:00,38.3,16.8,229.0,9.0,6.6,46.0,33.0,0.35,70
2026-06-27 08:00:00,42.3,17.9,260.0,8.8,6.7,51.0,37.0,0.34,69
2026-06-27 09:00:00,46.4,19.3,249.0,7.4,6.4,60.0,42.0,0.34,69
2026-06-27 10:00:00,49.9,20.4,216.0,5.4,6.0,72.0,47.0,0.34,69
2026-06-27 11:00:00,52.7,21.5,193.0,3.9,5.6,81.0,50.0,0.35,69
2026-06-27 12:00:00,53.3,21.7,191.0,3.2,5.3,86.0,51.0,0.35,69
2026-06-27 13:00:00,52.7,21.2,197.0,2.9,5.0,87.0,51.0,0.35,69
2026-06-27 14:00:00,50.6,20.6,206.0,3.1,4.8,86.0,49.0,0.34,68
2026-06-27 15:00:00,46.8,19.4,218.0,3.6,4.7,80.0,45.0,0.33,68
2026-06-27 16:00:00,43.9,18.3,232.0,4.6,4.6,71.0,41.0,0.33,68
2026-06-27 17:00:00,60.5,24.4,240.0,6.3,5.1,68.0,59.0,0.42,68
2026-06-27 18:00:00,54.4,22.6,237.0,7.9,5.1,61.0,53.0,0.39,69
2026-06-27 19:00:00,49.6,21.2,228.0,10.2,5.1,51.0,44.0,0.38,69
2026-06-27 20:00:00,44.6,19.8,217.0,11.6,5.1,44.0,38.0,0.36,69
2026-06-27 21:00:00,44.6,19.8,204.0,11.6,5.1,43.0,37.0,0.37,69
2026-06-27 22:00:00,44.6,19.9,188.0,10.8,5.1,44.0,37.0,0.37,69
2026-06-27 23:00:00,44.9,20.0,172.0,9.8,5.0,46.0,38.0,0.37,69
2026-06-28 00:00:00,41.9,18.2,156.0,8.7,4.7,47.0,37.0,0.38,69
2026-06-28 01:00:00,40.5,17.4,140.0,7.4,4.4,47.0,37.0,0.38,69
2026-06-28 02:00:00,39.1,16.9,129.0,6.4,4.2,48.0,36.0,0.39,69
2026-06-28 03:00:00,38.6,16.9,124.0,6.0,4.3,48.0,35.0,0.41,69
2026-06-28 04:00:00,38.2,16.8,125.0,6.0,4.5,48.0,34.0,0.41,69
2026-06-28 05:00:00,38.6,17.1,131.0,5.5,4.4,49.0,35.0,0.4,69
2026-06-28 06:00:00,38.9,17.6,148.0,5.8,4.6,50.0,39.0,0.41,69
2026-06-28 07:00:00,45.2,19.2,171.0,6.2,4.9,51.0,44.0,0.43,70
2026-06-28 08:00:00,54.2,22.9,184.0,6.1,5.1,54.0,49.0,0.45,70
2026-06-28 09:00:00,56.6,23.9,177.0,5.2,5.1,59.0,52.0,0.44,70
2026-06-28 10:00:00,59.0,24.4,160.0,3.9,4.9,66.0,54.0,0.46,71
2026-06-28 11:00:00,58.7,24.1,148.0,2.9,4.7,71.0,55.0,0.47,71
2026-06-28 12:00:00,57.4,23.3,145.0,2.4,4.5,73.0,55.0,0.48,71
2026-06-28 13:00:00,57.3,23.0,147.0,2.2,4.3,73.0,54.0,0.5,71
2026-06-28 14:00:00,55.3,22.4,152.0,2.2,4.2,72.0,53.0,0.51,71
2026-06-28 15:00:00,62.2,24.6,162.0,2.6,4.1,69.0,52.0,0.52,72
2026-06-28 16:00:00,54.4,21.9,174.0,3.2,4.1,64.0,52.0,0.51,72
2026-06-28 17:00:00,53.6,21.9,181.0,4.0,4.1,59.0,50.0,0.5,72
2026-06-28 18:00:00,51.9,21.7,177.0,5.0,4.2,55.0,47.0,0.52,72
2026-06-28 19:00:00,49.1,21.2,167.0,6.2,4.3,51.0,43.0,0.53,72
2026-06-28 20:00:00,48.1,21.7,159.0,6.9,4.4,49.0,39.0,0.53,72
2026-06-28 21:00:00,49.2,22.6,156.0,6.9,4.4,48.0,37.0,0.54,72
2026-06-28 22:00:00,49.8,23.1,154.0,6.4,4.3,49.0,35.0,0.54,72
2026-06-28 23:00:00,46.4,22.1,149.0,5.9,4.2,49.0,34.0,0.51,73
2026-06-29 00:00:00,46.1,21.8,137.0,5.3,4.0,49.0,33.0,0.52,73
2026-06-29 01:00:00,40.4,18.3,123.0,4.6,3.7,50.0,33.0,0.53,73
2026-06-29 02:00:00,39.1,17.9,113.0,4.1,3.6,50.0,33.0,0.54,73
2026-06-29 03:00:00,38.8,17.9,107.0,3.9,3.6,50.0,32.0,0.54,73
2026-06-29 04:00:00,38.8,17.9,105.0,3.8,3.7,50.0,32.0,0.55,73
2026-06-29 05:00:00,49.4,21.9,116.0,4.5,4.0,50.0,45.0,0.5,73
2026-06-29 06:00:00,49.4,22.2,154.0,5.4,4.3,51.0,52.0,0.52,74
2026-06-29 07:00:00,60.3,25.3,204.0,6.5,4.8,52.0,61.0,0.53,74
2026-06-29 08:00:00,70.5,28.3,235.0,7.0,5.1,54.0,68.0,0.54,75
2026-06-29 09:00:00,72.6,28.5,227.0,6.1,5.0,59.0,71.0,0.54,75
2026-06-29 10:00:00,72.6,28.5,199.0,4.6,4.7,66.0,73.0,0.56,75
2026-06-29 11:00:00,71.0,27.6,177.0,3.4,4.5,71.0,73.0,0.57,76
2026-06-29 12:00:00,70.3,27.1,172.0,2.9,4.3,73.0,72.0,0.56,76
2026-06-29 13:00:00,70.3,27.0,173.0,2.7,4.2,74.0,69.0,0.55,76
2026-06-29 14:00:00,65.2,25.6,178.0,3.0,4.1,73.0,66.0,0.54,77
2026-06-29 15:00:00,63.3,25.1,189.0,3.8,4.1,68.0,64.0,0.54,77
2026-06-29 16:00:00,61.7,24.4,203.0,5.1,4.2,62.0,61.0,0.56,77
2026-06-29 17:00:00,79.9,30.7,212.0,6.6,4.0,55.0,81.0,0.58,77
2026-06-29 18:00:00,77.3,31.2,210.0,7.9,4.3,53.0,76.0,0.58,78
2026-06-29 19:00:00,75.7,31.8,203.0,9.6,4.8,49.0,68.0,0.56,78
2026-06-29 20:00:00,70.3,30.9,195.0,10.7,5.1,47.0,60.0,0.54,79
2026-06-29 21:00:00,66.6,30.0,190.0,10.6,5.1,46.0,51.0,0.52,80
2026-06-29 22:00:00,56.5,26.6,185.0,9.9,4.9,46.0,41.0,0.5,81
2026-06-29 23:00:00,50.6,25.0,176.0,8.9,4.7,47.0,35.0,0.51,81
2026-06-30 00:00:00,44.8,21.1,157.0,7.7,4.5,48.0,34.0,0.56,81
2026-06-30 01:00:00,44.6,20.5,135.0,6.3,4.2,49.0,36.0,0.58,81
2026-06-30 02:00:00,44.9,20.5,119.0,5.2,4.1,50.0,38.0,0.57,81
2026-06-30 03:00:00,46.2,20.7,113.0,4.7,4.1,50.0,39.0,0.56,81
2026-06-30 04:00:00,46.4,20.7,113.0,4.5,4.2,50.0,39.0,0.56,82
2026-06-30 05:00:00,49.6,21.2,126.0,4.5,4.1,50.0,47.0,0.55,82
2026-06-30 06:00:00,48.0,21.3,162.0,6.0,4.5,49.0,49.0,0.57,82
2026-06-30 07:00:00,51.8,22.5,210.0,7.9,5.0,48.0,52.0,0.55,82
2026-06-30 08:00:00,60.1,25.7,240.0,8.8,5.3,49.0,54.0,0.55,82
2026-06-30 09:00:00,58.9,25.0,235.0,7.7,5.2,55.0,56.0,0.56,81
2026-06-30 10:00:00,59.6,24.9,213.0,5.5,5.0,64.0,57.0,0.56,81
2026-06-30 11:00:00,61.0,25.4,196.0,3.9,4.7,70.0,57.0,0.59,81
2026-06-30 12:00:00,58.8,24.7,191.0,3.4,4.5,71.0,57.0,0.61,81
2026-06-30 13:00:00,55.6,23.5,191.0,3.4,4.4,70.0,55.0,0.62,80
2026-06-30 14:00:00,57.3,23.6,195.0,3.8,4.3,68.0,54.0,0.66,80
2026-06-30 15:00:00,58.6,24.0,207.0,4.5,4.3,65.0,53.0,0.7,80
2026-06-30 16:00:00,55.4,22.9,223.0,5.6,4.3,60.0,51.0,0.71,80
2026-06-30 17:00:00,61.9,25.7,232.0,6.9,4.4,56.0,58.0,0.7,80
2026-06-30 18:00:00,56.8,23.9,227.0,8.5,4.6,52.0,51.0,0.71,79
2026-06-30 19:00:00,50.1,22.0,214.0,10.7,4.9,47.0,43.0,0.69,79
2026-06-30 20:00:00,45.8,21.3,203.0,12.0,5.1,44.0,36.0,0.67,78
2026-06-30 21:00:00,37.5,17.6,197.0,11.9,5.1,43.0,34.0,0.66,77
2026-06-30 22:00:00,38.4,17.3,192.0,10.9,5.1,44.0,35.0,0.66,76
2026-06-30 23:00:00,40.6,18.0,183.0,9.8,5.0,45.0,36.0,0.65,76
2026-07-01 00:00:00,44.7,19.6,164.0,8.6,4.8,46.0,36.0,0.64,75
2026-07-01 01:00:00,41.2,18.3,141.0,7.2,4.5,47.0,35.0,0.65,75
2026-07-01 02:00:00,39.7,17.6,125.0,6.1,4.3,48.0,35.0,0.64,75
2026-07-01 03:00:00,38.5,17.2,116.0,5.5,4.3,48.0,34.0,0.61,74
2026-07-01 04:00:00,38.0,17.1,114.0,5.3,4.4,49.0,32.0,0.57,74
2026-07-01 05:00:00,39.1,17.2,127.0,5.4,4.6,49.0,35.0,0.55,74
2026-07-01 06:00:00,38.9,17.6,171.0,6.7,4.9,49.0,39.0,0.53,74
2026-07-01 07:00:00,44.5,19.2,231.0,8.3,5.3,50.0,44.0,0.54,73
2026-07-01 08:00:00,51.6,21.9,267.0,9.1,5.5,52.0,47.0,0.58,73
2026-07-01 09:00:00,52.2,22.2,255.0,8.1,5.5,58.0,46.0,0.63,73
2026-07-01 10:00:00,51.1,21.6,218.0,6.3,5.3,66.0,43.0,0.67,73
2026-07-01 11:00:00,48.2,21.1,192.0,4.9,5.2,71.0,41.0,0.7,72
2026-07-01 12:00:00,45.8,20.1,189.0,4.4,5.1,72.0,40.0,0.73,72
2026-07-01 13:00:00,59.6,24.2,196.0,4.3,5.0,71.0,40.0,0.74,72
2026-07-01 14:00:00,48.3,21.4,207.0,4.6,4.9,69.0,40.0,0.75,72
2026-07-01 15:00:00,47.4,21.2,224.0,5.3,4.9,65.0,40.0,0.75,71
2026-07-01 16:00:00,49.1,22.0,246.0,6.3,4.8,60.0,41.0,0.75,71
2026-07-01 17:00:00,48.7,20.5,258.0,7.4,4.6,56.0,44.0,0.6,71
2026-07-01 18:00:00,49.5,21.1,253.0,9.4,4.9,51.0,42.0,0.62,71
2026-07-01 19:00:00,48.5,21.2,238.0,12.2,5.3,45.0,40.0,0.61,71
2026-07-01 20:00:00,44.1,19.6,224.0,14.2,5.6,40.0,38.0,0.61,70
2026-07-01 21:00:00,39.1,18.2,216.0,14.7,5.7,38.0,36.0,0.61,70
2026-07-01 22:00:00,38.6,18.3,210.0,14.4,5.7,37.0,35.0,0.61,70
2026-07-01 23:00:00,40.7,19.0,199.0,13.5,5.6,37.0,34.0,0.63,70
2026-07-02 00:00:00,42.4,19.5,180.0,11.7,5.3,38.0,35.0,0.65,71
2026-07-02 01:00:00,44.5,20.0,157.0,9.4,4.9,40.0,37.0,0.64,71
2026-07-02 02:00:00,45.2,20.2,140.0,7.6,4.7,41.0,39.0,0.63,71
2026-07-02 03:00:00,45.8,20.2,127.0,6.8,4.7,41.0,39.0,0.62,71
2026-07-02 04:00:00,45.2,19.9,120.0,6.7,4.9,40.0,38.0,0.59,71
2026-07-02 05:00:00,44.4,19.2,131.0,7.3,5.3,41.0,41.0,0.58,71
2026-07-02 06:00:00,43.4,19.0,181.0,8.5,5.9,41.0,46.0,0.56,71
2026-07-02 07:00:00,51.2,20.8,250.0,10.2,6.6,41.0,54.0,0.57,72
2026-07-02 08:00:00,59.4,22.7,292.0,10.9,7.1,43.0,60.0,0.56,72
2026-07-02 09:00:00,58.9,22.8,278.0,9.8,7.0,50.0,63.0,0.54,72
2026-07-02 10:00:00,61.2,23.2,236.0,7.8,6.6,59.0,65.0,0.54,72
2026-07-02 11:00:00,64.7,24.4,204.0,6.2,6.3,66.0,66.0,0.52,72
2026-07-02 12:00:00,65.9,24.3,195.0,5.3,6.1,68.0,67.0,0.54,72
2026-07-02 13:00:00,66.4,24.4,195.0,4.8,5.9,68.0,68.0,0.54,73
2026-07-02 14:00:00,66.6,25.0,201.0,4.8,5.7,67.0,68.0,0.56,73
2026-07-02 15:00:00,65.4,24.7,215.0,5.4,5.6,65.0,66.0,0.56,73
2026-07-02 16:00:00,61.7,23.8,234.0,6.6,5.5,61.0,62.0,0.58,73
2026-07-02 17:00:00,75.9,28.3,246.0,7.7,5.4,57.0,80.0,0.61,73
2026-07-02 18:00:00,74.5,27.2,244.0,9.5,5.7,53.0,77.0,0.63,74
2026-07-02 19:00:00,74.0,27.6,234.0,12.2,6.2,48.0,73.0,0.63,74
2026-07-02 20:00:00,69.4,27.1,226.0,14.7,6.7,43.0,69.0,0.63,75
2026-07-02 21:00:00,61.9,24.9,225.0,17.5,7.4,39.0,64.0,0.64,75
2026-07-02 22:00:00,60.5,25.0,225.0,20.2,8.1,35.0,58.0,0.62,76
2026-07-02 23:00:00,56.0,24.3,216.0,20.9,8.3,33.0,53.0,0.58,77
2026-07-03 00:00:00,52.7,22.8,190.0,17.9,7.5,35.0,49.0,0.6,77
2026-07-03 01:00:00,48.2,20.8,155.0,13.0,6.2,40.0,45.0,0.64,77
2026-07-03 02:00:00,46.6,19.9,130.0,9.1,5.3,44.0,43.0,0.68,77
2026-07-03 03:00:00,45.9,19.5,119.0,7.5,5.1,45.0,42.0,0.76,77
2026-07-03 04:00:00,45.4,19.2,117.0,7.0,5.3,45.0,41.0,0.77,77
2026-07-03 05:00:00,51.1,21.0,132.0,8.0,6.0,46.0,51.0,0.68,77
2026-07-03 06:00:00,49.9,20.6,180.0,8.5,6.2,47.0,55.0,0.69,77
2026-07-03 07:00:00,56.7,21.6,245.0,9.2,6.5,50.0,60.0,0.68,77
2026-07-03 08:00:00,61.2,22.4,282.0,9.3,6.6,53.0,66.0,0.69,77
2026-07-03 09:00:00,65.7,24.1,262.0,8.3,6.5,58.0,74.0,0.73,77
2026-07-03 10:00:00,71.7,25.1,215.0,6.8,6.3,65.0,83.0,0.77,78
2026-07-03 11:00:00,76.1,26.1,181.0,5.6,6.1,70.0,88.0,0.82,78
2026-07-03 12:00:00,73.6,26.1,178.0,5.0,5.9,72.0,86.0,0.85,78
2026-07-03 13:00:00,76.6,26.6,188.0,4.8,5.6,73.0,80.0,0.88,78
2026-07-03 14:00:00,67.8,24.6,200.0,4.8,5.4,72.0,74.0,0.89,78
2026-07-03 15:00:00,65.2,23.6,215.0,5.1,5.3,69.0,69.0,0.89,78
2026-07-03 16:00:00,60.5,22.4,233.0,5.7,5.2,65.0,63.0,0.87,78
2026-07-03 17:00:00,78.2,28.1,242.0,7.0,5.7,65.0,85.0,0.81,78
2026-07-03 18:00:00,74.3,27.2,235.0,8.8,5.8,58.0,77.0,0.79,78
2026-07-03 19:00:00,67.8,26.1,219.0,11.2,5.9,49.0,66.0,0.8,78
2026-07-03 20:00:00,64.0,26.0,203.0,12.7,5.9,42.0,58.0,0.81,78
2026-07-03 21:00:00,61.0,25.2,191.0,12.4,5.8,41.0,55.0,0.81,78
2026-07-03 22:00:00,54.0,22.3,178.0,11.2,5.6,43.0,55.0,0.83,78
2026-07-03 23:00:00,57.7,23.5,165.0,9.9,5.4,45.0,54.0,0.83,77
2026-07-04 00:00:00,53.7,22.6,148.0,8.7,5.1,47.0,50.0,0.86,77
2026-07-04 01:00:00,52.9,22.6,131.0,7.4,4.9,49.0,44.0,0.89,77
2026-07-04 02:00:00,47.1,21.1,119.0,6.4,4.7,51.0,41.0,0.88,78
2026-07-04 03:00:00,46.0,20.5,112.0,5.8,4.7,52.0,40.0,0.86,78
2026-07-04 04:00:00,48.0,20.7,109.0,5.5,4.9,52.0,42.0,0.9,78
2026-07-04 05:00:00,51.9,21.4,121.0,5.4,5.0,53.0,50.0,0.9,78
2026-07-04 06:00:00,55.2,22.6,161.0,6.5,5.2,53.0,62.0,0.92,78
2026-07-04 07:00:00,68.9,25.4,214.0,8.0,5.4,54.0,79.0,0.91,78
2026-07-04 08:00:00,88.0,31.2,246.0,8.7,5.6,56.0,96.0,0.93,78
2026-07-04 09:00:00,100.4,34.3,236.0,7.8,5.6,61.0,113.0,0.95,79
2026-07-04 10:00:00,108.3,35.9,206.0,6.1,5.5,68.0,129.0,0.96,80
2026-07-04 11:00:00,116.9,37.0,183.0,4.7,5.3,74.0,140.0,0.96,81
2026-07-04 12:00:00,119.2,37.5,178.0,3.9,5.1,78.0,141.0,0.93,82
2026-07-04 13:00:00,121.5,38.4,182.0,3.3,4.8,81.0,135.0,0.91,82
2026-07-04 14:00:00,108.5,34.8,190.0,3.3,4.7,82.0,130.0,0.88,83
2026-07-04 15:00:00,104.5,33.8,207.0,4.0,4.8,79.0,129.0,0.85,84
2026-07-04 16:00:00,105.2,33.6,230.0,5.2,5.1,73.0,128.0,0.84,85
2026-07-04 17:00:00,143.4,41.4,242.0,6.4,5.0,68.0,184.0,0.73,86
2026-07-04 18:00:00,132.7,39.8,236.0,8.8,5.3,61.0,165.0,0.72,87
2026-07-04 19:00:00,121.1,38.2,219.0,12.1,5.7,52.0,139.0,0.71,88
2026-07-04 20:00:00,106.9,36.8,203.0,14.3,5.9,46.0,120.0,0.7,89
2026-07-04 21:00:00,99.7,33.6,191.0,14.3,5.9,45.0,118.0,0.7,90
2026-07-04 22:00:00,104.1,35.4,180.0,13.2,5.8,46.0,123.0,0.73,90
2026-07-04 23:00:00,107.8,37.0,167.0,11.8,5.6,48.0,124.0,0.75,91
2026-07-05 00:00:00,96.4,34.6,148.0,10.3,5.3,49.0,115.0,0.74,92
2026-07-05 01:00:00,86.1,31.4,128.0,8.5,4.9,50.0,102.0,0.76,93
2026-07-05 02:00:00,82.0,29.8,113.0,7.1,4.6,51.0,91.0,0.79,94
2026-07-05 03:00:00,78.7,28.6,107.0,6.2,4.5,52.0,85.0,0.81,95
2026-07-05 04:00:00,77.1,27.8,107.0,5.6,4.5,52.0,81.0,0.81,95
2026-07-05 05:00:00,84.5,30.3,115.0,4.8,4.3,56.0,95.0,0.79,96
2026-07-05 06:00:00,87.1,30.6,140.0,5.4,4.7,56.0,107.0,0.81,97
2026-07-05 07:00:00,99.0,32.4,174.0,6.1,5.2,57.0,123.0,0.81,97
2026-07-05 08:00:00,114.1,36.7,194.0,6.3,5.6,60.0,135.0,0.8,98
2026-07-05 09:00:00,122.5,39.3,186.0,5.5,5.8,69.0,140.0,0.79,98
2026-07-05 10:00:00,122.0,39.7,165.0,4.3,6.0,80.0,141.0,0.78,99
2026-07-05 11:00:00,119.0,39.0,150.0,3.3,6.0,89.0,140.0,0.79,99
2026-07-05 12:00:00,114.3,37.8,149.0,2.8,5.9,93.0,138.0,0.8,99
2026-07-05 13:00:00,111.5,37.0,154.0,2.6,5.7,95.0,133.0,0.81,99
2026-07-05 14:00:00,110.4,36.7,161.0,2.7,5.5,93.0,128.0,0.81,99
2026-07-05 15:00:00,109.7,36.8,172.0,3.0,5.4,87.0,122.0,0.81,99
2026-07-05 16:00:00,105.9,36.3,186.0,3.6,5.3,78.0,115.0,0.8,99
2026-07-05 17:00:00,134.1,46.8,192.0,4.4,5.2,71.0,150.0,0.87,100
2026-07-05 18:00:00,131.3,46.4,185.0,5.6,5.3,65.0,139.0,0.87,100
2026-07-05 19:00:00,120.1,44.4,172.0,7.3,5.5,57.0,123.0,0.89,101
2026-07-05 20:00:00,110.6,42.7,160.0,8.8,5.7,50.0,109.0,0.89,101
2026-07-05 21:00:00,102.4,41.3,154.0,9.9,5.9,47.0,98.0,0.89,102
2026-07-05 22:00:00,88.7,35.9,149.0,10.7,6.2,46.0,89.0,0.85,103
2026-07-05 23:00:00,83.6,34.0,143.0,11.0,6.3,46.0,82.0,0.82,103
2026-07-06 00:00:00,82.4,33.3,133.0,10.4,6.1,46.0,78.0,0.81,103
2026-07-06 01:00:00,78.9,32.4,121.0,9.3,5.7,46.0,76.0,0.82,102
2026-07-06 02:00:00,77.8,31.8,114.0,8.3,5.5,46.0,76.0,0.84,103
2026-07-06 03:00:00,78.2,32.2,108.0,7.7,5.5,46.0,76.0,0.84,103
2026-07-06 04:00:00,103.6,40.7,105.0,7.3,5.7,46.0,77.0,0.83,103
2026-07-06 05:00:00,64.5,28.9,121.0,7.2,5.6,48.0,58.0,0.78,104
2026-07-06 06:00:00,70.3,29.9,175.0,8.2,6.2,49.0,77.0,0.78,104
2026-07-06 07:00:00,93.8,34.2,247.0,9.5,7.1,51.0,103.0,0.75,104
2026-07-06 08:00:00,111.5,38.5,292.0,10.0,7.7,56.0,125.0,0.71,104
2026-07-06 09:00:00,126.7,43.1,281.0,8.7,8.0,68.0,139.0,0.66,105
2026-07-06 10:00:00,134.1,45.9,242.0,6.6,8.1,84.0,148.0,0.65,105
2026-07-06 11:00:00,133.6,47.7,213.0,4.9,8.0,97.0,150.0,0.63,106
2026-07-06 12:00:00,125.7,46.9,210.0,4.1,7.6,104.0,141.0,0.63,107
2026-07-06 13:00:00,117.3,45.1,218.0,3.7,7.1,107.0,126.0,0.62,107
2026-07-06 14:00:00,106.9,42.0,228.0,3.8,6.7,106.0,110.0,0.59,108
2026-07-06 15:00:00,95.9,38.4,240.0,4.5,6.6,99.0,96.0,0.56,109
2026-07-06 16:00:00,85.7,35.0,254.0,5.6,6.6,89.0,82.0,0.53,109
2026-07-06 17:00:00,110.8,42.6,262.0,8.0,7.5,91.0,116.0,0.43,109
2026-07-06 18:00:00,97.6,39.0,259.0,10.9,7.5,78.0,101.0,0.41,108
2026-07-06 19:00:00,83.8,35.0,249.0,15.0,7.6,60.0,79.0,0.4,108
2026-07-06 20:00:00,69.6,30.4,239.0,18.6,7.8,46.0,62.0,0.42,107
2026-07-06 21:00:00,60.1,27.2,230.0,21.4,8.3,39.0,53.0,0.48,105
2026-07-06 22:00:00,57.5,26.8,221.0,23.8,8.9,36.0,47.0,0.52,104
2026-07-06 23:00:00,54.2,26.7,210.0,24.6,9.2,35.0,43.0,0.55,103
2026-07-07 00:00:00,54.4,27.3,195.0,23.0,8.9,36.0,39.0,0.56,102
2026-07-07 01:00:00,50.3,26.1,178.0,19.8,8.3,39.0,35.0,0.57,102
2026-07-07 02:00:00,47.0,24.7,165.0,17.0,7.8,42.0,33.0,0.57,101
2026-07-07 03:00:00,43.4,23.5,152.0,15.1,7.7,44.0,31.0,0.58,100
2026-07-07 04:00:00,41.7,22.8,143.0,13.6,7.7,46.0,29.0,0.62,99
2026-07-07 05:00:00,48.3,24.4,155.0,14.0,8.2,45.0,37.0,0.68,98
2026-07-07 06:00:00,49.5,25.0,211.0,13.5,8.2,51.0,42.0,0.73,98
2026-07-07 07:00:00,60.3,27.9,288.0,12.7,8.1,59.0,50.0,0.78,97
2026-07-07 08:00:00,63.3,28.1,336.0,11.6,8.1,69.0,55.0,0.83,97
2026-07-07 09:00:00,67.1,29.2,325.0,9.8,8.3,83.0,57.0,0.86,96
2026-07-07 10:00:00,69.8,31.1,285.0,7.5,8.5,100.0,57.0,0.87,95
2026-07-07 11:00:00,68.5,31.3,254.0,5.8,8.6,112.0,57.0,0.87,94
2026-07-07 12:00:00,67.5,31.2,247.0,4.9,8.4,118.0,56.0,0.85,92
2026-07-07 13:00:00,65.9,30.4,250.0,4.4,8.1,120.0,54.0,0.83,91
2026-07-07 14:00:00,65.0,29.9,259.0,4.5,7.8,118.0,53.0,0.82,90
2026-07-07 15:00:00,65.2,29.6,278.0,5.2,7.5,110.0,53.0,0.81,89
2026-07-07 16:00:00,64.5,29.3,303.0,6.5,7.1,97.0,53.0,0.82,88
2026-07-07 17:00:00,61.9,29.3,319.0,7.8,7.6,94.0,48.0,0.81,88
2026-07-07 18:00:00,65.2,29.4,318.0,9.5,7.5,83.0,50.0,0.81,87
2026-07-07 19:00:00,63.6,28.1,308.0,11.8,7.3,68.0,52.0,0.83,86
2026-07-07 20:00:00,58.6,25.2,292.0,13.4,7.1,57.0,52.0,0.86,86
2026-07-07 21:00:00,59.6,25.4,270.0,13.8,7.0,53.0,48.0,0.92,85
2026-07-07 22:00:00,51.1,24.2,242.0,13.5,6.9,52.0,42.0,1.02,85
2026-07-07 23:00:00,49.5,24.1,214.0,12.7,6.7,52.0,37.0,1.08,85
2026-07-08 00:00:00,46.9,23.7,185.0,11.4,6.3,52.0,34.0,1.15,85
2026-07-08 01:00:00,46.9,23.6,156.0,9.6,5.8,53.0,32.0,1.14,84
2026-07-08 02:00:00,45.3,23.1,137.0,8.1,5.4,54.0,32.0,1.16,84
2026-07-08 03:00:00,46.4,23.0,128.0,7.1,5.2,54.0,33.0,1.17,84
2026-07-08 04:00:00,47.5,22.9,128.0,6.3,5.1,54.0,36.0,1.18,84
2026-07-08 05:00:00,49.0,23.2,146.0,6.7,5.5,54.0,40.0,1.1,84
2026-07-08 06:00:00,52.0,23.7,198.0,8.7,6.0,53.0,50.0,1.12,84
2026-07-08 07:00:00,60.3,25.7,268.0,11.3,6.8,52.0,64.0,1.21,84
2026-07-08 08:00:00,74.0,28.4,310.0,12.6,7.3,55.0,76.0,1.32,84
2026-07-08 09:00:00,87.1,32.5,299.0,11.1,7.4,67.0,86.0,1.39,84
2026-07-08 10:00:00,91.7,34.1,260.0,8.3,7.3,85.0,96.0,1.45,84
2026-07-08 11:00:00,94.5,35.0,229.0,5.9,7.0,97.0,100.0,1.47,84
2026-07-08 12:00:00,93.4,34.9,217.0,4.7,6.5,101.0,97.0,1.44,85
2026-07-08 13:00:00,88.2,33.9,213.0,4.0,6.0,101.0,90.0,1.37,85
2026-07-08 14:00:00,82.2,32.8,217.0,3.9,5.5,98.0,81.0,1.26,85
2026-07-08 15:00:00,76.6,31.7,234.0,4.5,5.3,92.0,73.0,1.11,85
2026-07-08 16:00:00,72.6,30.6,259.0,5.7,5.1,82.0,63.0,0.94,85
2026-07-08 17:00:00,89.9,37.5,272.0,7.5,5.2,72.0,82.0,1.18,86
2026-07-08 18:00:00,81.0,35.5,263.0,9.0,5.3,66.0,72.0,1.08,86
2026-07-08 19:00:00,67.5,30.9,242.0,11.1,5.4,58.0,58.0,0.96,87
2026-07-08 20:00:00,59.0,27.6,224.0,12.7,5.5,52.0,47.0,0.85,87
2026-07-08 21:00:00,53.1,26.5,214.0,13.4,5.7,49.0,42.0,0.78,87
2026-07-08 22:00:00,51.9,25.6,207.0,13.5,5.9,48.0,41.0,0.73,87
2026-07-08 23:00:00,52.7,25.3,196.0,13.0,6.0,47.0,41.0,0.71,87
2026-07-09 00:00:00,53.1,24.8,177.0,11.6,5.7,47.0,42.0,0.74,87
2026-07-09 01:00:00,52.3,23.7,155.0,9.5,5.3,48.0,44.0,0.78,87
2026-07-09 02:00:00,51.7,22.6,138.0,7.7,4.9,48.0,45.0,0.82,87
2026-07-09 03:00:00,50.6,21.5,126.0,6.4,4.7,48.0,44.0,0.84,87
2026-07-09 04:00:00,47.8,20.0,119.0,5.3,4.5,48.0,43.0,0.85,87
2026-07-09 05:00:00,48.3,20.2,128.0,5.4,4.5,50.0,45.0,0.86,87
2026-07-09 06:00:00,46.2,19.4,169.0,6.5,4.7,49.0,49.0,0.86,87
2026-07-09 07:00:00,55.8,22.1,227.0,7.8,5.1,49.0,55.0,0.84,87
2026-07-09 08:00:00,61.7,24.1,261.0,8.4,5.3,51.0,59.0,0.83,86
2026-07-09 09:00:00,66.6,26.3,249.0,7.3,5.4,58.0,61.0,0.8,86
2026-07-09 10:00:00,66.6,26.3,213.0,5.4,5.4,67.0,61.0,0.78,85
2026-07-09 11:00:00,65.4,26.0,186.0,3.9,5.3,74.0,61.0,0.75,85
2026-07-09 12:00:00,64.3,25.5,179.0,3.3,5.2,77.0,62.0,0.71,84
2026-07-09 13:00:00,67.8,26.6,181.0,3.0,5.1,78.0,63.0,0.67,83
2026-07-09 14:00:00,67.3,26.7,187.0,3.2,5.0,77.0,62.0,0.63,83
2026-07-09 15:00:00,61.5,25.3,198.0,3.8,4.9,73.0,57.0,0.6,82
2026-07-09 16:00:00,57.0,24.7,214.0,4.7,4.9,68.0,50.0,0.57,82
2026-07-09 17:00:00,67.8,29.0,224.0,6.2,5.2,63.0,57.0,0.64,81
2026-07-09 18:00:00,65.2,29.2,225.0,7.9,5.3,58.0,53.0,0.63,81
2026-07-09 19:00:00,62.9,28.9,220.0,10.2,5.3,51.0,47.0,0.64,80
2026-07-09 20:00:00,55.6,26.1,212.0,11.7,5.4,46.0,43.0,0.63,80
2026-07-09 21:00:00,49.9,23.8,203.0,11.8,5.4,44.0,41.0,0.64,80
2026-07-09 22:00:00,49.5,23.3,191.0,11.0,5.4,44.0,40.0,0.63,80
2026-07-09 23:00:00,48.2,22.4,176.0,9.9,5.3,44.0,39.0,0.63,80
2026-07-10 00:00:00,46.1,21.1,156.0,8.2,4.9,44.0,37.0,0.62,79
2026-07-10 01:00:00,42.4,19.6,134.0,6.2,4.4,45.0,34.0,0.63,79
2026-07-10 02:00:00,39.1,18.3,118.0,4.7,4.0,45.0,31.0,0.69,79
2026-07-10 03:00:00,36.1,17.1,109.0,4.1,3.9,45.0,28.0,0.74,78
2026-07-10 04:00:00,34.0,16.2,106.0,4.0,4.0,44.0,25.0,0.77,78
2026-07-10 05:00:00,31.9,15.7,117.0,4.2,3.9,45.0,22.0,0.74,78
2026-07-10 06:00:00,31.7,15.4,156.0,5.4,4.1,45.0,25.0,0.76,77
2026-07-10 07:00:00,34.8,16.5,209.0,6.9,4.5,44.0,29.0,0.76,77
2026-07-10 08:00:00,45.6,21.0,241.0,7.6,4.7,46.0,33.0,0.77,77
2026-07-10 09:00:00,53.9,23.4,232.0,6.7,4.8,51.0,38.0,0.77,76
2026-07-10 10:00:00,55.1,23.4,202.0,5.0,4.8,58.0,44.0,0.76,76
2026-07-10 11:00:00,57.4,24.0,179.0,3.7,4.7,64.0,49.0,0.74,76
2026-07-10 12:00:00,60.8,24.9,172.0,3.1,4.6,68.0,52.0,0.71,76
2026-07-10 13:00:00,60.5,25.1,171.0,2.8,4.5,70.0,53.0,0.68,76
2026-07-10 14:00:00,60.3,24.9,175.0,2.9,4.4,70.0,53.0,0.66,76
2026-07-10 15:00:00,60.1,25.1,187.0,3.5,4.3,67.0,52.0,0.63,75
2026-07-10 16:00:00,59.0,25.1,204.0,4.4,4.3,63.0,51.0,0.62,75
2026-07-10 17:00:00,80.1,33.1,215.0,5.3,4.2,61.0,71.0,0.73,75
2026-07-10 18:00:00,76.8,32.9,213.0,6.2,4.3,58.0,66.0,0.73,76
2026-07-10 19:00:00,74.3,32.6,204.0,7.5,4.3,54.0,59.0,0.71,76
2026-07-10 20:00:00,68.9,31.2,195.0,8.4,4.4,51.0,53.0,0.66,76
2026-07-10 21:00:00,63.6,29.6,191.0,8.9,4.5,49.0,48.0,0.6,77
2026-07-10 22:00:00,52.3,23.6,187.0,9.0,4.6,47.0,42.0,0.55,77
2026-07-10 23:00:00,44.8,20.0,178.0,8.6,4.5,46.0,38.0,0.56,77
2026-07-11 00:00:00,41.2,18.2,158.0,7.3,4.2,47.0,35.0,0.57,77
2026-07-11 01:00:00,38.5,16.8,132.0,5.5,3.7,48.0,32.0,0.59,77
2026-07-11 02:00:00,35.6,15.7,113.0,4.1,3.4,49.0,30.0,0.61,77
2026-07-11 03:00:00,33.4,14.8,102.0,3.5,3.3,49.0,27.0,0.62,76
2026-07-11 04:00:00,32.0,14.3,99.0,3.3,3.3,48.0,25.0,0.61,76
2026-07-11 05:00:00,30.4,14.4,109.0,3.4,3.3,50.0,23.0,0.62,76
2026-07-11 06:00:00,31.9,14.8,148.0,4.5,3.5,49.0,27.0,0.61,76
2026-07-11 07:00:00,37.0,16.5,202.0,6.1,3.7,47.0,32.0,0.59,76
2026-07-11 08:00:00,47.8,21.2,234.0,6.8,3.9,48.0,38.0,0.55,76
2026-07-11 09:00:00,54.9,24.3,224.0,6.0,4.0,53.0,44.0,0.55,76
2026-07-11 10:00:00,59.6,25.3,193.0,4.5,4.1,60.0,51.0,0.56,76
2026-07-11 11:00:00,63.6,26.0,169.0,3.3,4.2,66.0,57.0,0.55,76
2026-07-11 12:00:00,66.4,26.5,164.0,2.8,4.2,70.0,61.0,0.56,76
2026-07-11 13:00:00,68.0,26.7,166.0,2.7,4.1,72.0,64.0,0.59,76
2026-07-11 14:00:00,67.5,26.3,173.0,2.9,4.1,72.0,64.0,0.62,77
2026-07-11 15:00:00,66.4,25.8,187.0,3.6,4.1,69.0,61.0,0.66,77
2026-07-11 16:00:00,62.9,25.1,206.0,4.7,4.0,64.0,57.0,0.71,77
2026-07-11 17:00:00,74.5,27.6,220.0,5.5,3.8,59.0,74.0,0.73,77
2026-07-11 18:00:00,64.3,26.1,226.0,6.9,3.9,56.0,62.0,0.7,76
2026-07-11 19:00:00,58.8,25.7,228.0,8.8,4.1,52.0,46.0,0.67,76
2026-07-11 20:00:00,43.5,19.7,228.0,10.1,4.3,49.0,34.0,0.67,75
2026-07-11 21:00:00,40.0,18.2,228.0,10.1,4.4,48.0,30.0,0.72,74
2026-07-11 22:00:00,41.1,17.9,225.0,9.5,4.5,48.0,30.0,0.82,73
2026-07-11 23:00:00,38.4,17.2,214.0,8.6,4.4,49.0,31.0,0.91,73
2026-07-12 00:00:00,39.6,17.5,186.0,7.3,4.1,50.0,33.0,0.94,73
2026-07-12 01:00:00,41.8,17.6,149.0,5.7,3.6,51.0,35.0,0.94,73
2026-07-12 02:00:00,41.9,17.3,122.0,4.5,3.3,52.0,38.0,0.92,73
2026-07-12 03:00:00,41.7,17.1,109.0,3.9,3.2,52.0,40.0,0.91,73
2026-07-12 04:00:00,42.7,17.2,106.0,3.7,3.2,51.0,42.0,0.95,73
2026-07-12 05:00:00,45.6,18.3,114.0,3.8,3.2,52.0,44.0,0.97,73
2026-07-12 06:00:00,47.3,18.6,143.0,4.8,3.6,51.0,48.0,0.97,74
2026-07-12 07:00:00,48.3,19.0,183.0,6.1,4.1,50.0,55.0,0.97,74
2026-07-12 08:00:00,61.5,23.1,206.0,6.6,4.5,51.0,61.0,1.0,74
2026-07-12 09:00:00,72.4,26.0,196.0,5.6,4.6,57.0,67.0,1.06,74
2026-07-12 10:00:00,76.1,26.9,170.0,3.8,4.5,65.0,73.0,1.11,74
2026-07-12 11:00:00,75.2,26.9,151.0,2.5,4.4,71.0,77.0,1.16,74
2026-07-12 12:00:00,74.3,26.8,147.0,2.1,4.4,75.0,77.0,1.3,75
2026-07-12 13:00:00,74.3,27.2,150.0,2.2,4.3,77.0,76.0,1.56,75
2026-07-12 14:00:00,74.7,27.9,156.0,2.5,4.3,77.0,75.0,1.79,75
2026-07-12 15:00:00,76.8,29.0,167.0,3.0,4.2,76.0,76.0,1.82,75
2026-07-12 16:00:00,76.1,29.4,182.0,3.8,4.2,73.0,77.0,1.67,75
2026-07-12 17:00:00,82.4,30.6,194.0,4.9,4.3,69.0,86.0,1.48,75
2026-07-12 18:00:00,86.6,31.5,202.0,6.9,4.5,64.0,88.0,1.23,76
2026-07-12 19:00:00,93.6,33.5,207.0,9.6,4.8,56.0,92.0,1.07,76
2026-07-12 20:00:00,87.8,32.2,208.0,11.2,5.0,51.0,94.0,0.99,77
2026-07-12 21:00:00,91.7,31.0,203.0,10.8,4.9,49.0,96.0,0.93,78
2026-07-12 22:00:00,89.9,29.6,194.0,9.3,4.6,49.0,98.0,0.94,79
2026-07-12 23:00:00,79.4,26.3,181.0,7.7,4.3,50.0,93.0,1.04,80
2026-07-13 00:00:00,63.8,21.4,160.0,6.3,3.9,51.0,77.0,1.19,80
2026-07-13 01:00:00,47.6,16.7,135.0,4.8,3.4,52.0,55.0,1.29,81
2026-07-13 02:00:00,38.0,14.0,116.0,3.7,3.1,52.0,38.0,1.47,80
2026-07-13 03:00:00,34.0,13.2,103.0,3.1,3.0,52.0,32.0,1.79,80
2026-07-13 04:00:00,32.8,13.2,97.0,2.9,3.0,51.0,31.0,2.09,80
2026-07-13 05:00:00,50.8,19.4,109.0,3.2,2.9,52.0,47.0,2.03,80
2026-07-13 06:00:00,45.2,17.6,159.0,5.5,3.5,49.0,47.0,2.23,80
2026-07-13 07:00:00,49.4,19.7,228.0,8.5,4.4,46.0,48.0,2.23,80
2026-07-13 08:00:00,55.3,22.4,268.0,10.0,5.0,46.0,50.0,1.97,80
2026-07-13 09:00:00,62.2,23.6,252.0,8.6,5.1,52.0,55.0,1.65,80
2026-07-13 10:00:00,62.9,23.9,208.0,5.6,4.9,61.0,61.0,1.44,79
2026-07-13 11:00:00,64.3,24.0,174.0,3.4,4.7,68.0,63.0,1.26,79
2026-07-13 12:00:00,59.6,23.4,164.0,2.7,4.6,70.0,58.0,1.06,79
2026-07-13 13:00:00,54.9,22.9,165.0,2.6,4.4,69.0,49.0,0.85,79
2026-07-13 14:00:00,52.0,22.4,171.0,3.0,4.3,67.0,42.0,0.72,78
2026-07-13 15:00:00,49.5,21.8,186.0,3.8,4.2,63.0,37.0,0.7,78
2026-07-13 16:00:00,45.4,21.0,207.0,4.9,4.1,58.0,34.0,0.72,77
2026-07-13 17:00:00,77.1,32.0,221.0,6.2,4.0,52.0,66.0,0.98,77
2026-07-13 18:00:00,73.3,31.5,221.0,7.3,4.1,49.0,59.0,0.99,77
2026-07-13 19:00:00,68.5,30.7,214.0,8.7,4.3,45.0,49.0,0.99,77
2026-07-13 20:00:00,60.1,28.7,205.0,9.6,4.4,42.0,41.0,0.99,77
2026-07-13 21:00:00,46.8,22.2,195.0,9.5,4.5,41.0,38.0,0.98,76
2026-07-13 22:00:00,43.9,20.1,184.0,8.7,4.5,41.0,38.0,0.98,76
2026-07-13 23:00:00,45.2,19.8,170.0,7.9,4.5,41.0,38.0,0.95,75
2026-07-14 00:00:00,44.2,19.4,151.0,7.0,4.3,41.0,39.0,0.93,74
2026-07-14 01:00:00,46.2,19.2,130.0,5.9,4.1,42.0,42.0,0.94,74
2026-07-14 02:00:00,46.8,19.0,115.0,5.1,3.9,42.0,44.0,0.93,74
2026-07-14 03:00:00,44.1,18.2,106.0,4.6,3.8,42.0,47.0,0.97,75
2026-07-14 04:00:00,45.1,17.8,104.0,4.3,3.9,42.0,49.0,1.04,75
2026-07-14 05:00:00,44.8,17.9,118.0,4.7,4.0,43.0,43.0,1.02,76
2026-07-14 06:00:00,43.7,17.2,164.0,6.4,4.4,41.0,45.0,1.08,75
2026-07-14 07:00:00,48.1,18.4,226.0,8.7,4.9,39.0,49.0,1.07,75
2026-07-14 08:00:00,54.7,20.7,264.0,9.8,5.3,40.0,55.0,1.05,75
2026-07-14 09:00:00,59.6,22.2,254.0,8.6,5.4,46.0,67.0,1.04,75
2026-07-14 10:00:00,65.0,23.2,221.0,6.3,5.4,56.0,80.0,1.03,75
2026-07-14 11:00:00,78.9,26.1,195.0,4.6,5.3,62.0,88.0,1.07,75
2026-07-14 12:00:00,98.7,30.6,187.0,4.2,5.2,63.0,84.0,1.16,75
2026-07-14 13:00:00,64.5,22.9,187.0,4.5,5.1,61.0,73.0,1.26,76
2026-07-14 14:00:00,61.9,22.2,194.0,5.0,5.0,59.0,64.0,1.35,76
2026-07-14 15:00:00,60.8,21.9,213.0,5.5,4.9,56.0,61.0,1.4,76
2026-07-14 16:00:00,57.4,21.5,238.0,6.3,4.8,53.0,59.0,1.41,76
2026-07-14 17:00:00,65.9,24.4,255.0,8.2,5.0,48.0,66.0,1.52,76
2026-07-14 18:00:00,68.2,25.8,256.0,10.4,5.3,44.0,59.0,1.45,75
2026-07-14 19:00:00,55.8,23.8,247.0,13.3,5.8,39.0,49.0,1.38,75
2026-07-14 20:00:00,48.2,20.8,236.0,15.1,6.1,36.0,42.0,1.34,74
2026-07-14 21:00:00,39.9,19.0,223.0,14.9,6.1,35.0,39.0,1.32,74
2026-07-14 22:00:00,41.1,18.6,208.0,13.5,6.0,36.0,38.0,1.32,73
2026-07-14 23:00:00,43.0,18.7,190.0,11.9,5.8,37.0,37.0,1.3,73
2026-07-15 00:00:00,42.4,18.2,167.0,10.0,5.4,38.0,37.0,1.28,73
2026-07-15 01:00:00,41.3,17.4,142.0,7.8,4.9,40.0,37.0,1.25,73
2026-07-15 02:00:00,39.9,16.7,125.0,6.2,4.5,41.0,37.0,1.2,73
2026-07-15 03:00:00,38.2,16.2,116.0,5.4,4.4,41.0,35.0,1.15,73
2026-07-15 04:00:00,37.1,15.9,115.0,5.1,4.5,41.0,32.0,1.08,73
2026-07-15 05:00:00,32.6,15.2,129.0,5.9,4.8,40.0,26.0,0.95,72
2026-07-15 06:00:00,34.0,15.7,176.0,7.6,5.3,39.0,30.0,0.91,72
2026-07-15 07:00:00,38.9,17.3,238.0,9.8,6.0,38.0,36.0,0.9,72
2026-07-15 08:00:00,43.9,18.2,276.0,10.8,6.5,39.0,41.0,0.9,72
2026-07-15 09:00:00,51.6,21.1,264.0,9.6,6.5,46.0,46.0,0.9,72
2026-07-15 10:00:00,54.0,21.8,227.0,7.2,6.2,55.0,52.0,0.92,72
2026-07-15 11:00:00,57.4,23.0,199.0,5.3,5.9,62.0,55.0,0.94,72
2026-07-15 12:00:00,79.6,28.9,192.0,4.5,5.8,65.0,55.0,0.95,71
2026-07-15 13:00:00,58.4,23.9,195.0,4.3,5.7,66.0,53.0,0.94,71
2026-07-15 14:00:00,56.9,23.9,203.0,4.5,5.6,65.0,51.0,0.93,71
2026-07-15 15:00:00,57.3,24.2,221.0,5.3,5.5,61.0,50.0,0.91,71
2026-07-15 16:00:00,59.8,25.1,245.0,6.7,5.5,55.0,49.0,0.88,72
2026-07-15 17:00:00,83.8,32.6,261.0,7.0,5.5,54.0,82.0,0.94,72
2026-07-15 18:00:00,78.5,31.4,263.0,9.0,5.8,50.0,76.0,0.94,72
2026-07-15 19:00:00,77.3,31.3,257.0,11.7,6.3,43.0,69.0,0.93,73
2026-07-15 20:00:00,67.8,28.4,248.0,14.1,6.7,38.0,61.0,0.94,74
2026-07-15 21:00:00,62.2,27.1,239.0,16.1,7.2,35.0,54.0,0.93,74
2026-07-15 22:00:00,56.0,25.2,226.0,17.7,7.6,32.0,48.0,0.88,75
2026-07-15 23:00:00,51.3,24.0,210.0,18.1,7.8,31.0,43.0,0.85,75
2026-07-16 00:00:00,48.3,22.8,185.0,16.4,7.4,32.0,40.0,0.81,76
2026-07-16 01:00:00,45.9,21.5,156.0,13.6,6.6,34.0,38.0,0.78,76
2026-07-16 02:00:00,43.4,20.3,136.0,11.4,6.2,35.0,36.0,0.76,76
2026-07-16 03:00:00,41.7,19.4,125.0,10.8,6.3,34.0,34.0,0.74,77
2026-07-16 04:00:00,39.8,18.7,122.0,10.8,6.7,32.0,31.0,0.71,77
2026-07-16 05:00:00,35.6,17.9,139.0,9.7,6.7,34.0,26.0,0.72,77
2026-07-16 06:00:00,36.0,17.5,195.0,10.1,7.0,35.0,30.0,0.68,77
2026-07-16 07:00:00,42.4,18.6,270.0,10.7,7.4,37.0,35.0,0.65,77
2026-07-16 08:00:00,44.0,18.0,314.0,10.5,7.6,41.0,41.0,0.62,78
2026-07-16 09:00:00,47.4,18.3,296.0,9.0,7.3,48.0,49.0,0.58,78
2026-07-16 10:00:00,52.5,19.2,247.0,6.7,6.8,58.0,58.0,0.56,77
2026-07-16 11:00:00,59.3,20.7,210.0,5.0,6.4,65.0,64.0,0.56,77
2026-07-16 12:00:00,61.7,21.6,200.0,4.3,6.3,69.0,67.0,0.55,77
2026-07-16 13:00:00,61.2,21.7,202.0,4.1,6.4,71.0,67.0,0.55,76
2026-07-16 14:00:00,61.5,21.8,210.0,4.2,6.4,71.0,66.0,0.56,76
2026-07-16 15:00:00,60.8,21.8,227.0,4.6,6.3,68.0,62.0,0.56,76
2026-07-16 16:00:00,56.3,20.4,250.0,5.4,6.2,64.0,56.0,0.57,76
2026-07-16 17:00:00,85.9,28.3,264.0,7.1,6.4,56.0,97.0,0.67,75
2026-07-16 18:00:00,74.5,25.8,262.0,9.0,6.5,51.0,85.0,0.64,75
2026-07-16 19:00:00,63.3,23.7,251.0,11.6,6.7,43.0,68.0,0.63,75
2026-07-16 20:00:00,57.5,22.5,239.0,13.9,7.0,37.0,54.0,0.64,74
2026-07-16 21:00:00,55.2,22.0,228.0,15.7,7.5,33.0,46.0,0.63,74
2026-07-16 22:00:00,51.8,21.9,217.0,17.1,8.1,31.0,41.0,0.61,73
2026-07-16 23:00:00,43.8,19.6,202.0,17.5,8.3,30.0,37.0,0.6,73
2026-07-17 00:00:00,40.3,18.5,182.0,16.1,7.8,31.0,34.0,0.61,73
2026-07-17 01:00:00,36.2,17.1,158.0,13.6,6.9,33.0,31.0,0.6,72
2026-07-17 02:00:00,36.1,16.6,141.0,11.3,6.2,35.0,29.0,0.58,72
2026-07-17 03:00:00,32.9,15.6,128.0,9.6,5.9,36.0,27.0,0.56,72
2026-07-17 04:00:00,32.1,15.0,121.0,8.2,5.8,37.0,25.0,0.56,71
2026-07-17 05:00:00,31.8,14.5,132.0,8.3,6.1,37.0,27.0,0.54,71
2026-07-17 06:00:00,32.7,14.8,181.0,8.9,6.4,38.0,29.0,0.56,71
2026-07-17 07:00:00,39.1,16.6,248.0,9.6,6.8,39.0,33.0,0.54,71
2026-07-17 08:00:00,40.4,16.7,287.0,9.7,7.0,42.0,37.0,0.53,70
2026-07-17 09:00:00,46.9,19.5,270.0,8.7,6.7,47.0,42.0,0.55,70
2026-07-17 10:00:00,51.5,21.0,225.0,7.1,6.2,53.0,46.0,0.55,70
2026-07-17 11:00:00,53.2,21.4,192.0,5.7,5.8,59.0,50.0,0.57,71
2026-07-17 12:00:00,56.2,22.6,186.0,4.6,5.6,64.0,51.0,0.58,71
2026-07-17 13:00:00,53.7,22.5,191.0,3.7,5.4,69.0,52.0,0.6,71
2026-07-17 14:00:00,56.6,23.5,201.0,3.3,5.3,71.0,51.0,0.63,71
2026-07-17 15:00:00,53.3,23.0,217.0,3.7,5.2,67.0,50.0,0.66,71
2026-07-17 16:00:00,52.7,23.1,237.0,4.7,5.1,60.0,48.0,0.7,71
2026-07-17 17:00:00,57.9,23.9,249.0,6.2,5.0,53.0,52.0,0.68,71
2026-07-17 18:00:00,53.9,23.2,244.0,8.2,5.2,49.0,48.0,0.68,71
2026-07-17 19:00:00,51.5,22.8,231.0,10.8,5.6,44.0,42.0,0.68,71
2026-07-17 20:00:00,47.6,22.0,218.0,12.7,5.8,40.0,36.0,0.66,71
2026-07-17 21:00:00,41.1,19.1,209.0,13.1,5.9,39.0,30.0,0.63,71
2026-07-17 22:00:00,31.3,15.9,201.0,12.7,5.9,39.0,24.0,0.61,70
2026-07-17 23:00:00,28.9,14.7,188.0,11.8,5.8,40.0,20.0,0.59,70
2026-07-18 00:00:00,26.9,13.6,166.0,10.3,5.4,41.0,18.0,0.57,69
2026-07-18 01:00:00,24.7,12.5,140.0,8.3,4.9,43.0,17.0,0.56,69
2026-07-18 02:00:00,22.9,11.6,123.0,6.7,4.5,44.0,16.0,0.56,69
2026-07-18 03:00:00,22.2,11.1,116.0,5.8,4.4,45.0,15.0,0.53,68
2026-07-18 04:00:00,21.7,10.9,118.0,5.3,4.5,45.0,14.0,0.51,68
2026-07-18 05:00:00,23.5,11.5,132.0,5.3,4.7,46.0,17.0,0.5,68
2026-07-18 06:00:00,24.6,11.9,172.0,6.0,4.8,46.0,20.0,0.51,67
2026-07-18 07:00:00,28.9,13.3,225.0,7.0,4.9,46.0,24.0,0.52,67
2026-07-18 08:00:00,36.2,16.3,256.0,7.3,5.0,48.0,28.0,0.54,67
2026-07-18 09:00:00,41.4,18.1,242.0,6.3,4.9,54.0,33.0,0.55,67
2026-07-18 10:00:00,44.9,19.1,205.0,4.7,4.7,62.0,39.0,0.58,67
2026-07-18 11:00:00,47.1,19.4,178.0,3.5,4.5,68.0,42.0,0.61,67
2026-07-18 12:00:00,45.2,18.7,172.0,3.0,4.4,69.0,41.0,0.63,66
2026-07-18 13:00:00,43.7,17.8,176.0,2.9,4.3,69.0,38.0,0.61,66
2026-07-18 14:00:00,41.3,17.4,183.0,3.2,4.3,66.0,35.0,0.6,66
2026-07-18 15:00:00,39.6,17.1,196.0,3.9,4.3,61.0,32.0,0.56,65
2026-07-18 16:00:00,36.9,16.4,213.0,5.0,4.3,55.0,28.0,0.54,65
2026-07-18 17:00:00,45.9,19.6,224.0,6.7,4.1,49.0,38.0,0.58,64
2026-07-18 18:00:00,44.1,19.7,224.0,8.7,4.4,46.0,34.0,0.59,64
2026-07-18 19:00:00,47.0,21.7,218.0,11.4,4.7,43.0,29.0,0.6,64
2026-07-18 20:00:00,40.3,20.5,211.0,13.1,5.0,40.0,24.0,0.56,64
2026-07-18 21:00:00,39.1,20.3,206.0,13.1,5.1,40.0,20.0,0.58,64
2026-07-18 22:00:00,33.1,17.7,200.0,12.1,5.1,41.0,18.0,0.6,64
2026-07-18 23:00:00,30.0,16.8,189.0,10.8,5.0,42.0,16.0,0.62,64
2026-07-19 00:00:00,29.0,16.5,167.0,9.4,4.7,43.0,16.0,0.66,64
2026-07-19 01:00:00,29.9,16.5,140.0,7.7,4.3,45.0,17.0,0.68,64
2026-07-19 02:00:00,30.5,16.2,121.0,6.3,4.0,46.0,19.0,0.7,64
2026-07-19 03:00:00,31.2,15.8,114.0,5.4,3.9,47.0,20.0,0.7,65
2026-07-19 04:00:00,31.2,15.3,116.0,4.8,3.9,47.0,22.0,0.7,65
2026-07-19 05:00:00,32.9,15.5,126.0,4.8,4.1,49.0,25.0,0.69,66
2026-07-19 06:00:00,33.8,15.7,152.0,5.3,4.4,49.0,27.0,0.69,66
2026-07-19 07:00:00,40.2,17.4,186.0,6.0,4.9,50.0,31.0,0.71,66
2026-07-19 08:00:00,43.5,18.7,207.0,6.2,5.2,52.0,35.0,0.72,66
2026-07-19 09:00:00,77.3,28.8,203.0,5.5,5.2,57.0,41.0,0.71,67
2026-07-19 10:00:00,53.4,21.4,186.0,4.4,5.0,64.0,47.0,0.7,68
2026-07-19 11:00:00,56.5,22.2,172.0,3.6,4.9,69.0,52.0,0.7,68
2026-07-19 12:00:00,56.1,21.9,166.0,3.3,4.9,70.0,54.0,0.71,68
2026-07-19 13:00:00,58.1,22.2,162.0,3.3,4.9,69.0,55.0,0.77,68
2026-07-19 14:00:00,57.3,21.9,163.0,3.5,4.9,67.0,55.0,0.83,68
2026-07-19 15:00:00,59.0,22.2,172.0,3.9,4.9,64.0,54.0,0.87,69
2026-07-19 16:00:00,57.4,22.0,185.0,4.5,4.9,61.0,53.0,0.92,69
2026-07-19 17:00:00,65.2,22.8,194.0,5.8,5.1,55.0,69.0,0.84,70
2026-07-19 18:00:00,66.1,23.8,195.0,7.3,5.4,52.0,68.0,0.87,70
2026-07-19 19:00:00,59.8,22.7,192.0,9.4,5.9,47.0,67.0,0.88,70
2026-07-19 20:00:00,63.6,23.9,188.0,10.8,6.2,44.0,64.0,0.9,70
2026-07-19 21:00:00,44.5,19.2,184.0,11.2,6.3,42.0,57.0,0.91,71
2026-07-19 22:00:00,43.5,18.2,179.0,10.9,6.4,42.0,47.0,0.92,71
2026-07-19 23:00:00,43.2,17.8,172.0,10.3,6.2,42.0,40.0,0.89,71
2026-07-20 00:00:00,40.4,16.9,161.0,9.2,5.8,43.0,37.0,0.86,71
2026-07-20 01:00:00,39.3,16.4,149.0,7.7,5.1,45.0,36.0,0.86,71
2026-07-20 02:00:00,38.8,15.9,139.0,6.5,4.7,46.0,35.0,0.85,71
2026-07-20 03:00:00,36.7,15.3,127.0,5.7,4.5,47.0,34.0,0.83,71
2026-07-20 04:00:00,36.1,15.0,117.0,5.2,4.6,47.0,34.0,0.81,71
2026-07-20 05:00:00,39.0,16.0,128.0,5.8,4.9,47.0,36.0,0.8,71
2026-07-20 06:00:00,39.0,16.3,182.0,6.9,5.6,48.0,41.0,0.8,71
2026-07-20 07:00:00,46.3,18.2,256.0,8.3,6.5,50.0,49.0,0.81,71
2026-07-20 08:00:00,52.9,19.4,302.0,9.2,7.2,52.0,54.0,0.82,71
2026-07-20 09:00:00,56.9,21.1,291.0,9.0,7.3,56.0,55.0,0.81,71
2026-07-20 10:00:00,56.8,21.9,251.0,8.3,7.1,61.0,54.0,0.83,70
2026-07-20 11:00:00,55.2,21.8,219.0,7.6,6.8,65.0,52.0,0.86,70
2026-07-20 12:00:00,52.6,21.3,207.0,6.9,6.4,66.0,51.0,0.9,70
2026-07-20 13:00:00,49.6,20.7,204.0,6.2,6.0,65.0,50.0,0.95,70
2026-07-20 14:00:00,54.5,22.6,207.0,5.9,5.7,64.0,48.0,1.0,70
2026-07-20 15:00:00,47.5,21.1,222.0,6.2,5.6,62.0,45.0,1.06,70
2026-07-20 16:00:00,47.1,21.0,244.0,6.9,5.6,59.0,41.0,1.11,70
2026-07-20 17:00:00,63.8,26.1,258.0,8.2,5.5,55.0,58.0,1.22,70
2026-07-20 18:00:00,65.7,26.5,258.0,10.1,5.8,51.0,60.0,1.28,70
2026-07-20 19:00:00,64.0,26.3,251.0,12.7,6.2,46.0,63.0,1.27,70
2026-07-20 20:00:00,67.5,27.7,240.0,14.6,6.5,42.0,63.0,1.22,71
2026-07-20 21:00:00,54.8,24.3,227.0,15.3,6.8,40.0,56.0,1.13,71
2026-07-20 22:00:00,49.7,23.2,212.0,15.3,7.1,40.0,46.0,1.02,71
2026-07-20 23:00:00,47.6,22.7,195.0,14.5,7.1,40.0,38.0,0.94,72
2026-07-21 00:00:00,42.8,21.0,175.0,12.4,6.6,42.0,34.0,0.91,72
2026-07-21 01:00:00,41.9,20.1,153.0,9.5,5.8,44.0,32.0,0.91,72
2026-07-21 02:00:00,40.6,19.3,138.0,7.3,5.2,46.0,31.0,0.91,73
2026-07-21 03:00:00,39.6,18.6,125.0,6.2,5.1,47.0,31.0,0.9,73
2026-07-21 04:00:00,40.0,18.3,119.0,5.9,5.2,47.0,31.0,0.93,73
2026-07-21 05:00:00,42.8,18.4,138.0,7.0,6.2,46.0,38.0,0.88,74
2026-07-21 06:00:00,40.3,18.0,210.0,9.8,7.2,44.0,41.0,0.92,74
2026-07-21 07:00:00,45.8,19.3,308.0,13.6,8.5,41.0,45.0,0.97,74
2026-07-21 08:00:00,50.6,20.8,368.0,15.7,9.2,40.0,48.0,1.01,74
2026-07-21 09:00:00,52.2,21.4,352.0,14.6,8.9,44.0,48.0,1.03,74
2026-07-21 10:00:00,51.7,21.9,299.0,11.9,8.1,50.0,46.0,1.03,74
2026-07-21 11:00:00,52.3,22.1,258.0,9.4,7.3,55.0,47.0,1.01,74
2026-07-21 12:00:00,53.2,22.8,249.0,7.7,6.8,59.0,52.0,1.0,74
2026-07-21 13:00:00,48.3,21.2,252.0,6.2,6.3,62.0,60.0,1.0,74
2026-07-21 14:00:00,68.5,27.3,258.0,5.5,6.0,63.0,63.0,0.99,74
2026-07-21 15:00:00,52.3,22.0,268.0,5.9,5.8,61.0,58.0,0.97,75
2026-07-21 16:00:00,57.2,23.5,281.0,7.0,5.8,57.0,49.0,0.96,75
2026-07-21 17:00:00,63.6,25.1,289.0,9.0,6.2,52.0,60.0,0.96,75
2026-07-21 18:00:00,62.4,25.3,289.0,11.4,6.5,47.0,54.0,0.9,75
2026-07-21 19:00:00,49.1,21.2,284.0,14.7,6.9,40.0,46.0,0.9,75
2026-07-21 20:00:00,47.3,21.0,279.0,17.0,7.3,35.0,38.0,0.89,74
2026-07-21 21:00:00,45.4,20.6,277.0,17.6,7.7,33.0,31.0,0.89,74
2026-07-21 22:00:00,38.0,18.2,274.0,17.2,8.0,33.0,26.0,0.88,74
2026-07-21 23:00:00,34.1,17.4,261.0,16.3,8.1,34.0,22.0,0.88,73
2026-07-22 00:00:00,32.7,17.3,227.0,14.8,7.6,35.0,22.0,0.9,73
2026-07-22 01:00:00,36.7,17.9,182.0,12.9,6.9,37.0,24.0,0.93,72
2026-07-22 02:00:00,37.1,17.8,149.0,11.2,6.4,38.0,27.0,1.0,72
2026-07-22 03:00:00,38.8,17.5,129.0,9.9,6.3,39.0,30.0,1.04,72
2026-07-22 04:00:00,41.4,18.0,122.0,8.8,6.4,40.0,35.0,1.04,72
2026-07-22 05:00:00,37.4,16.8,147.0,8.5,6.9,43.0,30.0,1.01,72
2026-07-22 06:00:00,37.6,17.0,239.0,9.7,7.8,43.0,36.0,0.96,72
2026-07-22 07:00:00,45.8,19.1,364.0,11.4,8.9,43.0,44.0,0.94,72
2026-07-22 08:00:00,54.5,20.9,437.0,12.2,9.7,46.0,54.0,0.92,72
2026-07-22 09:00:00,68.7,24.6,406.0,11.4,9.6,53.0,66.0,0.91,72
2026-07-22 10:00:00,77.5,27.5,322.0,9.7,9.2,62.0,80.0,0.92,72
2026-07-22 11:00:00,82.2,29.6,256.0,8.3,8.7,69.0,88.0,0.98,72
2026-07-22 12:00:00,112.2,39.2,234.0,7.5,8.4,72.0,87.0,1.06,73
2026-07-22 13:00:00,79.2,30.0,230.0,7.0,8.1,72.0,80.0,1.16,74
2026-07-22 14:00:00,74.0,28.7,234.0,6.9,7.9,70.0,73.0,1.19,75
2026-07-22 15:00:00,70.3,27.6,248.0,7.3,7.7,67.0,67.0,1.19,75
2026-07-22 16:00:00,66.6,26.5,271.0,8.1,7.6,62.0,62.0,1.16,76
2026-07-22 17:00:00,61.9,24.7,290.0,12.2,9.0,56.0,58.0,1.08,76
2026-07-22 18:00:00,60.5,24.6,302.0,15.0,9.0,49.0,55.0,1.06,76
2026-07-22 19:00:00,60.3,25.1,310.0,18.8,9.0,40.0,51.0,1.04,76
2026-07-22 20:00:00,54.2,23.1,305.0,20.9,8.9,34.0,47.0,1.02,76
2026-07-22 21:00:00,50.3,21.5,280.0,19.7,8.6,34.0,43.0,0.99,76
2026-07-22 22:00:00,47.3,20.4,243.0,16.7,8.1,36.0,38.0,0.96,76
2026-07-22 23:00:00,43.3,18.9,207.0,13.8,7.6,39.0,37.0,0.97,76
2026-07-23 00:00:00,44.0,18.6,175.0,11.4,6.9,41.0,40.0,0.99,77
2026-07-23 01:00:00,44.7,18.3,144.0,9.0,6.2,44.0,47.0,1.02,77
2026-07-23 02:00:00,52.9,19.2,127.0,7.4,5.8,46.0,54.0,1.02,77
2026-07-23 03:00:00,58.4,20.0,115.0,6.7,5.8,46.0,61.0,1.02,77
2026-07-23 04:00:00,66.6,21.2,115.0,6.7,6.0,46.0,69.0,1.0,77
2026-07-23 05:00:00,67.1,22.2,162.0,6.9,7.0,46.0,75.0,0.95,77
2026-07-23 06:00:00,68.5,24.3,306.0,9.3,9.0,43.0,75.0,0.94,78
2026-07-23 07:00:00,68.9,24.6,496.0,12.5,11.8,40.0,76.0,0.96,78
2026-07-23 08:00:00,71.9,25.4,612.0,14.2,13.8,43.0,78.0,1.01,79
2026-07-23 09:00:00,77.8,26.2,585.0,13.1,14.4,55.0,83.0,1.11,79
2026-07-23 10:00:00,80.1,27.0,485.0,10.4,14.1,73.0,89.0,1.2,79
2026-07-23 11:00:00,82.7,29.7,399.0,8.1,13.7,91.0,92.0,1.29,79
2026-07-23 12:00:00,84.8,32.8,361.0,6.6,13.2,110.0,89.0,1.35,79
2026-07-23 13:00:00,84.3,34.2,337.0,5.3,12.4,127.0,84.0,1.38,79
2026-07-23 14:00:00,80.3,33.5,321.0,4.9,11.5,134.0,79.0,1.37,79
2026-07-23 15:00:00,75.7,31.0,314.0,5.4,10.4,121.0,77.0,1.32,79
2026-07-23 16:00:00,71.9,28.1,315.0,6.6,9.1,96.0,77.0,1.27,80
2026-07-23 17:00:00,99.9,38.2,310.0,9.5,10.6,93.0,105.0,1.24,80
2026-07-23 18:00:00,95.7,35.3,293.0,13.2,9.9,74.0,101.0,1.15,81
2026-07-23 19:00:00,87.1,32.0,272.0,18.2,9.0,48.0,96.0,1.12,82
2026-07-23 20:00:00,85.0,31.0,250.0,21.2,8.2,30.0,91.0,1.05,82
2026-07-23 21:00:00,78.2,28.6,230.0,20.1,7.8,28.0,85.0,0.94,83
2026-07-23 22:00:00,70.3,25.9,211.0,16.9,7.5,33.0,80.0,0.86,83
2026-07-23 23:00:00,69.2,24.6,194.0,14.4,7.4,38.0,75.0,0.9,84
2026-07-24 00:00:00,67.3,23.9,178.0,13.6,7.5,39.0,72.0,0.98,84
2026-07-24 01:00:00,66.8,23.9,164.0,13.4,7.8,38.0,70.0,1.0,85
2026-07-24 02:00:00,64.3,23.3,157.0,13.3,8.2,38.0,68.0,1.0,85
2026-07-24 03:00:00,61.5,22.6,157.0,13.1,8.6,37.0,64.0,1.0,85
2026-07-24 04:00:00,58.2,22.1,164.0,13.1,9.0,36.0,60.0,1.0,86
2026-07-24 05:00:00,70.3,24.5,189.0,12.5,10.9,38.0,76.0,1.17,86
2026-07-24 06:00:00,66.6,24.5,252.0,13.0,11.4,38.0,79.0,1.14,86
2026-07-24 07:00:00,74.0,26.0,332.0,13.5,12.0,39.0,83.0,1.11,86
2026-07-24 08:00:00,79.6,27.4,383.0,13.2,12.3,44.0,87.0,1.1,86
2026-07-24 09:00:00,94.5,31.1,378.0,11.4,11.9,57.0,92.0,1.16,86
2026-07-24 10:00:00,88.7,29.9,344.0,8.8,11.1,74.0,97.0,1.27,87
2026-07-24 11:00:00,89.9,32.0,311.0,6.6,10.2,88.0,99.0,1.33,87
2026-07-24 12:00:00,87.5,32.9,286.0,5.2,9.1,97.0,93.0,1.32,87
2026-07-24 13:00:00,83.1,32.2,262.0,4.3,7.8,103.0,84.0,1.26,87
2026-07-24 14:00:00,77.1,30.3,250.0,4.2,6.9,103.0,77.0,1.18,87
2026-07-24 15:00:00,75.4,29.0,261.0,5.1,6.5,94.0,75.0,1.11,87
2026-07-24 16:00:00,72.9,27.9,285.0,6.8,6.5,79.0,76.0,1.04,86
2026-07-24 17:00:00,75.9,30.9,299.0,10.8,7.2,77.0,74.0,0.92,86
2026-07-24 18:00:00,77.3,29.5,295.0,13.2,7.1,66.0,75.0,0.87,86
2026-07-24 19:00:00,78.0,29.6,281.0,16.5,6.9,50.0,77.0,0.89,85
2026-07-24 20:00:00,76.1,29.6,264.0,18.2,6.7,40.0,77.0,0.85,85
2026-07-24 21:00:00,68.9,26.5,244.0,17.0,6.6,39.0,74.0,0.89,85
2026-07-24 22:00:00,67.1,25.4,219.0,14.3,6.4,43.0,69.0,0.95,85
2026-07-24 23:00:00,63.6,24.4,195.0,11.8,6.3,47.0,65.0,1.01,85
2026-07-25 00:00:00,69.4,26.6,169.0,10.1,6.1,49.0,64.0,1.08,85
2026-07-25 01:00:00,70.8,26.1,144.0,8.8,5.8,50.0,65.0,1.11,85
2026-07-25 02:00:00,63.6,24.4,126.0,7.8,5.7,50.0,64.0,1.06,85
2026-07-25 03:00:00,57.0,22.6,114.0,7.3,5.9,49.0,59.0,1.02,85
2026-07-25 04:00:00,53.6,21.7,110.0,7.2,6.3,48.0,53.0,1.04,85
2026-07-25 05:00:00,76.8,27.0,126.0,8.0,7.0,48.0,87.0,1.05,85
2026-07-25 06:00:00,66.8,25.8,183.0,9.4,7.3,47.0,86.0,1.04,85
2026-07-25 07:00:00,75.2,27.4,260.0,11.4,7.8,45.0,85.0,1.06,86
2026-07-25 08:00:00,80.6,29.4,309.0,12.5,8.2,46.0,85.0,1.13,86
2026-07-25 09:00:00,81.7,30.0,301.0,12.0,8.5,51.0,88.0,1.21,86
2026-07-25 10:00:00,85.9,31.0,265.0,10.7,8.7,57.0,92.0,1.27,86
2026-07-25 11:00:00,86.4,31.3,238.0,9.6,8.8,63.0,92.0,1.3,86
2026-07-25 12:00:00,82.4,30.6,236.0,8.9,8.8,67.0,86.0,1.31,86
2026-07-25 13:00:00,76.8,29.2,243.0,8.5,8.8,70.0,77.0,1.3,86
2026-07-25 14:00:00,70.5,27.5,251.0,8.5,8.6,70.0,69.0,1.28,85
2026-07-25 15:00:00,62.2,24.9,261.0,9.2,8.1,65.0,62.0,1.25,85
2026-07-25 16:00:00,66.6,25.9,272.0,10.4,7.5,58.0,56.0,1.26,85
2026-07-25 17:00:00,82.9,28.7,276.0,10.8,6.7,52.0,92.0,1.11,85
2026-07-25 18:00:00,75.4,26.3,270.0,12.8,6.9,47.0,84.0,1.08,85
2026-07-25 19:00:00,69.2,24.8,257.0,15.5,7.2,41.0,72.0,1.04,84
2026-07-25 20:00:00,63.8,23.6,241.0,16.8,7.3,37.0,64.0,1.04,84
2026-07-25 21:00:00,58.8,21.2,220.0,15.5,7.0,38.0,63.0,1.05,83
2026-07-25 22:00:00,57.0,20.2,196.0,12.8,6.6,41.0,65.0,1.1,83
2026-07-25 23:00:00,62.4,21.1,175.0,10.6,6.3,44.0,68.0,1.17,83
2026-07-26 00:00:00,67.5,22.3,158.0,9.4,6.3,45.0,72.0,1.16,82
2026-07-26 01:00:00,74.7,24.1,143.0,8.7,6.3,46.0,76.0,1.14,82
2026-07-26 02:00:00,70.3,23.2,133.0,8.1,6.4,46.0,79.0,1.1,82
2026-07-26 03:00:00,66.4,22.5,125.0,7.6,6.4,46.0,80.0,1.07,82
2026-07-26 04:00:00,68.2,22.7,120.0,7.3,6.5,46.0,79.0,1.07,82
2026-07-26 05:00:00,76.1,23.4,127.0,8.4,7.1,45.0,91.0,1.05,82
2026-07-26 06:00:00,74.7,23.1,156.0,8.5,7.0,46.0,98.0,1.04,82
2026-07-26 07:00:00,82.9,24.4,195.0,8.6,6.9,47.0,109.0,1.05,81
2026-07-26 08:00:00,96.2,27.8,220.0,8.4,7.1,51.0,118.0,1.02,81
2026-07-26 09:00:00,98.3,28.5,216.0,7.7,7.8,58.0,126.0,0.98,81
2026-07-26 10:00:00,104.8,30.7,197.0,6.7,8.7,67.0,132.0,0.97,81
2026-07-26 11:00:00,109.7,32.9,182.0,5.7,9.2,75.0,135.0,0.98,81
2026-07-26 12:00:00,109.2,34.1,177.0,4.7,8.7,83.0,133.0,0.98,81
2026-07-26 13:00:00,104.8,33.9,175.0,3.7,7.7,91.0,126.0,0.98,81
2026-07-26 14:00:00,100.6,33.5,176.0,3.2,6.9,95.0,117.0,0.94,82
2026-07-26 15:00:00,92.2,32.1,183.0,3.3,6.5,93.0,103.0,0.89,82
2026-07-26 16:00:00,79.2,28.8,193.0,4.0,6.3,86.0,87.0,0.84,83
2026-07-26 17:00:00,81.3,28.3,200.0,5.6,7.0,88.0,92.0,0.72,83
2026-07-26 18:00:00,73.8,25.7,202.0,8.0,6.7,75.0,84.0,0.68,83
2026-07-26 19:00:00,66.4,23.8,201.0,11.3,6.4,57.0,72.0,0.66,83
2026-07-26 20:00:00,60.3,22.9,196.0,13.4,6.1,44.0,63.0,0.65,83
2026-07-26 21:00:00,56.1,21.2,186.0,13.1,6.1,41.0,60.0,0.66,83
2026-07-26 22:00:00,55.6,21.1,173.0,11.5,6.3,42.0,60.0,0.7,83
2026-07-26 23:00:00,56.8,21.2,159.0,10.0,6.3,44.0,60.0,0.74,83
2026-07-27 00:00:00,52.6,20.6,143.0,8.8,6.0,45.0,60.0,0.78,83
2026-07-27 01:00:00,54.9,20.9,126.0,7.6,5.5,45.0,60.0,0.81,83
2026-07-27 02:00:00,57.2,21.2,115.0,6.7,5.2,46.0,61.0,0.82,82
2026-07-27 03:00:00,59.6,21.5,108.0,6.1,5.1,46.0,62.0,0.85,82
2026-07-27 04:00:00,62.2,21.9,107.0,5.7,5.2,46.0,63.0,0.85,82
2026-07-27 05:00:00,58.9,20.8,121.0,4.6,4.7,49.0,65.0,0.84,82
2026-07-27 06:00:00,61.7,21.4,165.0,5.7,5.0,49.0,84.0,0.82,82
2026-07-27 07:00:00,78.2,24.3,225.0,7.1,5.5,48.0,109.0,0.79,82
2026-07-27 08:00:00,105.0,30.7,262.0,7.9,6.0,52.0,130.0,0.76,82
2026-07-27 09:00:00,106.4,31.4,256.0,7.3,6.5,63.0,141.0,0.73,82
2026-07-27 10:00:00,120.1,35.6,228.0,6.0,7.0,77.0,147.0,0.72,82
2026-07-27 11:00:00,121.5,37.4,205.0,4.9,7.1,88.0,149.0,0.72,83
2026-07-27 12:00:00,118.3,37.7,196.0,4.1,6.7,92.0,147.0,0.72,83
2026-07-27 13:00:00,113.4,36.8,192.0,3.4,5.9,91.0,142.0,0.7,83
2026-07-27 14:00:00,113.2,36.6,193.0,3.3,5.3,88.0,135.0,0.69,83
2026-07-27 15:00:00,110.6,36.1,203.0,3.9,5.1,81.0,126.0,0.68,84
2026-07-27 16:00:00,103.6,34.8,217.0,4.9,5.1,71.0,116.0,0.68,84
2026-07-27 17:00:00,89.9,29.3,226.0,7.5,5.0,54.0,107.0,0.6,84
2026-07-27 18:00:00,82.0,27.8,224.0,9.2,5.2,51.0,98.0,0.61,85
2026-07-27 19:00:00,74.0,26.2,215.0,11.5,5.4,46.0,85.0,0.6,85
2026-07-27 20:00:00,70.5,25.6,205.0,12.9,5.6,43.0,74.0,0.61,85
2026-07-27 21:00:00,70.3,25.2,193.0,12.5,5.6,43.0,69.0,0.61,85
2026-07-27 22:00:00,61.9,21.7,179.0,11.3,5.6,44.0,65.0,0.59,85
2026-07-27 23:00:00,55.3,18.9,165.0,10.0,5.5,45.0,61.0,0.58,85
2026-07-28 00:00:00,52.6,18.4,149.0,9.1,5.4,45.0,54.0,0.58,85
2026-07-28 01:00:00,44.8,16.6,133.0,8.2,5.2,45.0,46.0,0.58,85
2026-07-28 02:00:00,40.0,15.6,121.0,7.4,5.0,45.0,39.0,0.58,85
2026-07-28 03:00:00,35.6,14.4,112.0,6.4,4.8,46.0,34.0,0.57,84
2026-07-28 04:00:00,32.4,13.3,107.0,5.5,4.7,46.0,31.0,0.6,84
2026-07-28 05:00:00,41.2,14.5,120.0,5.4,4.7,47.0,44.0,0.6,83
2026-07-28 06:00:00,38.9,14.7,169.0,6.4,4.9,47.0,48.0,0.62,83
2026-07-28 07:00:00,44.4,16.2,235.0,7.7,5.3,48.0,54.0,0.58,82
2026-07-28 08:00:00,56.3,20.1,275.0,8.2,5.5,51.0,59.0,0.54,81
2026-07-28 09:00:00,61.5,22.0,262.0,7.3,5.6,60.0,64.0,0.52,81
2026-07-28 10:00:00,65.9,23.4,224.0,5.6,5.6,71.0,69.0,0.52,80
2026-07-28 11:00:00,67.5,24.4,195.0,4.2,5.6,80.0,72.0,0.53,79
2026-07-28 12:00:00,68.9,25.0,190.0,3.5,5.5,85.0,72.0,0.53,78
2026-07-28 13:00:00,69.8,25.5,194.0,3.1,5.3,87.0,71.0,0.53,77
2026-07-28 14:00:00,67.5,25.1,203.0,3.2,5.1,86.0,69.0,0.54,76
2026-07-28 15:00:00,66.4,25.0,218.0,3.8,5.0,81.0,67.0,0.54,75
2026-07-28 16:00:00,66.6,24.8,236.0,4.8,5.0,73.0,64.0,0.54,74
2026-07-28 17:00:00,92.9,31.8,248.0,6.1,4.9,68.0,103.0,0.57,73
2026-07-28 18:00:00,85.2,30.0,246.0,8.3,5.1,62.0,89.0,0.58,74
2026-07-28 19:00:00,74.0,27.8,238.0,11.3,5.4,53.0,70.0,0.6,74
2026-07-28 20:00:00,64.3,27.1,229.0,13.4,5.6,47.0,55.0,0.61,74
2026-07-28 21:00:00,61.0,26.8,224.0,13.8,5.8,46.0,49.0,0.63,74
2026-07-28 22:00:00,54.6,24.9,219.0,13.2,6.1,47.0,47.0,0.69,74
2026-07-28 23:00:00,55.1,25.7,208.0,12.3,6.1,49.0,45.0,0.76,74
2026-07-29 00:00:00,53.8,26.0,185.0,11.0,5.8,50.0,42.0,0.79,75
2026-07-29 01:00:00,50.5,25.0,156.0,9.3,5.4,51.0,39.0,0.81,76
2026-07-29 02:00:00,47.3,23.3,135.0,7.8,5.0,52.0,36.0,0.83,76
2026-07-29 03:00:00,44.1,21.5,125.0,6.5,4.8,52.0,33.0,0.84,77
2026-07-29 04:00:00,41.3,20.0,122.0,5.5,4.6,52.0,30.0,0.88,77
2026-07-29 05:00:00,42.3,19.8,136.0,4.9,4.3,54.0,33.0,0.89,78
2026-07-29 06:00:00,41.1,19.4,181.0,6.2,4.5,52.0,36.0,0.94,78
2026-07-29 07:00:00,42.7,19.6,241.0,7.8,4.9,50.0,40.0,0.95,79
2026-07-29 08:00:00,52.4,22.9,278.0,8.7,5.2,52.0,44.0,0.97,79
2026-07-29 09:00:00,58.9,25.1,268.0,8.0,5.5,60.0,48.0,0.99,79
2026-07-29 10:00:00,66.1,27.2,235.0,6.4,5.7,72.0,53.0,1.02,79
2026-07-29 11:00:00,63.8,26.8,210.0,5.2,5.8,81.0,56.0,1.07,80
2026-07-29 12:00:00,66.6,27.4,206.0,4.5,5.8,87.0,58.0,1.12,80
2026-07-29 13:00:00,66.8,27.6,210.0,4.2,5.7,91.0,59.0,1.16,80
2026-07-29 14:00:00,66.1,27.5,219.0,4.3,5.6,91.0,59.0,1.18,80
2026-07-29 15:00:00,66.4,27.6,234.0,5.0,5.5,86.0,58.0,1.14,80
2026-07-29 16:00:00,64.7,27.4,253.0,6.2,5.5,77.0,56.0,1.07,81
2026-07-29 17:00:00,75.2,30.3,268.0,8.3,5.8,71.0,70.0,1.07,81
2026-07-29 18:00:00,70.5,29.5,275.0,10.8,6.0,64.0,65.0,1.0,81
2026-07-29 19:00:00,66.1,28.6,278.0,14.3,6.3,55.0,57.0,0.96,81
2026-07-29 20:00:00,60.3,26.4,279.0,16.9,6.6,47.0,50.0,0.93,81
2026-07-29 21:00:00,54.0,23.6,283.0,18.1,7.0,43.0,45.0,0.9,81
2026-07-29 22:00:00,49.5,22.5,286.0,18.5,7.4,42.0,41.0,0.88,80
2026-07-29 23:00:00,46.9,22.0,277.0,18.2,7.6,41.0,37.0,0.85,80
2026-07-30 00:00:00,44.1,21.2,245.0,17.0,7.3,41.0,34.0,0.81,80
2026-07-30 01:00:00,41.4,20.2,201.0,15.0,6.7,42.0,31.0,0.77,80
2026-07-30 02:00:00,39.5,19.0,167.0,13.0,6.2,44.0,30.0,0.75,79
2026-07-30 03:00:00,38.9,18.3,147.0,11.0,5.9,46.0,29.0,0.74,79
2026-07-30 04:00:00,38.6,17.8,137.0,8.9,5.8,48.0,29.0,0.73,79
2026-07-30 05:00:00,37.6,17.4,152.0,8.4,5.8,48.0,30.0,0.74,78
2026-07-30 06:00:00,40.3,18.0,214.0,9.2,6.2,48.0,38.0,0.72,78
2026-07-30 07:00:00,50.9,20.6,300.0,10.2,6.8,50.0,49.0,0.71,78
2026-07-30 08:00:00,61.0,23.3,354.0,10.5,7.6,56.0,61.0,0.68,78
2026-07-30 09:00:00,82.4,29.9,343.0,9.6,8.8,71.0,76.0,0.67,78
2026-07-30 10:00:00,85.7,30.4,300.0,8.1,10.2,91.0,93.0,0.67,79
2026-07-30 11:00:00,95.0,34.9,267.0,6.7,10.9,108.0,102.0,0.68,79
2026-07-30 12:00:00,92.7,36.6,259.0,5.6,10.5,121.0,97.0,0.7,80
2026-07-30 13:00:00,86.8,35.7,261.0,4.8,9.4,131.0,85.0,0.7,80
2026-07-30 14:00:00,79.6,33.5,269.0,4.6,8.5,133.0,75.0,0.69,81
2026-07-30 15:00:00,75.4,31.4,287.0,5.3,8.0,123.0,73.0,0.67,81
2026-07-30 16:00:00,75.2,30.4,310.0,6.8,7.6,106.0,73.0,0.66,82
2026-07-30 17:00:00,95.2,36.4,327.0,9.1,8.4,96.0,96.0,0.68,82
2026-07-30 18:00:00,90.1,34.5,331.0,12.6,8.2,81.0,89.0,0.68,82
2026-07-30 19:00:00,82.7,32.6,328.0,17.3,8.0,61.0,80.0,0.7,83
2026-07-30 20:00:00,72.6,28.8,321.0,20.9,8.0,46.0,72.0,0.7,83
2026-07-30 21:00:00,69.2,27.3,314.0,22.1,8.3,41.0,67.0,0.7,83
2026-07-30 22:00:00,67.3,27.1,304.0,22.1,8.8,42.0,63.0,0.71,84
2026-07-30 23:00:00,62.9,27.0,284.0,22.0,9.1,42.0,58.0,0.74,84
2026-07-31 00:00:00,59.1,26.8,246.0,22.5,9.1,40.0,51.0,0.79,84
2026-07-31 01:00:00,54.5,26.0,200.0,22.8,8.9,38.0,43.0,0.81,85
2026-07-31 02:00:00,49.2,24.7,165.0,22.1,8.6,37.0,38.0,0.83,85
2026-07-31 03:00:00,46.2,23.4,144.0,19.3,8.1,39.0,36.0,0.85,86
2026-07-31 04:00:00,44.4,21.9,135.0,15.4,7.6,43.0,36.0,0.87,86
2026-07-31 05:00:00,44.2,21.6,154.0,14.0,7.9,44.0,35.0,0.87,86
2026-07-31 06:00:00,43.1,21.3,229.0,14.5,8.7,45.0,45.0,0.81,87
2026-07-31 07:00:00,54.5,24.0,331.0,15.0,9.9,47.0,59.0,0.74,87
2026-07-31 08:00:00,71.2,26.8,398.0,14.8,10.9,55.0,74.0,0.67,87
2026-07-31 09:00:00,93.1,31.4,393.0,13.2,11.6,75.0,91.0,0.65,88
2026-07-31 10:00:00,102.2,35.4,352.0,10.7,12.2,101.0,108.0,0.67,88
2026-07-31 11:00:00,108.3,39.8,316.0,8.6,12.3,123.0,118.0,0.71,88
2026-07-31 12:00:00,109.4,42.8,298.0,6.9,11.8,139.0,114.0,0.73,88
2026-07-31 13:00:00,103.4,42.6,286.0,5.5,10.9,150.0,101.0,0.75,89
2026-07-31 14:00:00,95.2,40.5,285.0,5.0,10.1,153.0,90.0,0.77,89
2026-07-31 15:00:00,88.2,38.0,307.0,5.7,9.4,142.0,83.0,0.79,90
2026-07-31 16:00:00,82.4,35.4,340.0,7.3,8.8,122.0,78.0,0.79,90
2026-07-31 17:00:00,88.7,38.5,357.0,10.2,10.3,128.0,81.0,0.67,91
2026-07-31 18:00:00,84.5,36.0,342.0,15.1,9.7,103.0,77.0,0.66,92
2026-07-31 19:00:00,79.6,33.5,310.0,21.7,8.8,68.0,72.0,0.67,92
2026-07-31 20:00:00,71.2,29.8,287.0,26.3,8.2,42.0,67.0,0.68,91
2026-07-31 21:00:00,65.2,27.0,285.0,26.8,8.1,34.0,65.0,0.7,91
2026-07-31 22:00:00,64.3,25.7,292.0,25.3,8.4,34.0,63.0,0.72,91
2026-07-31 23:00:00,62.2,25.1,286.0,23.8,8.6,35.0,61.0,0.78,91
2026-08-01 00:00:00,58.8,25.1,255.0,23.2,8.8,34.0,57.0,0.85,91
2026-08-01 01:00:00,57.2,24.6,213.0,22.7,8.9,33.0,53.0,0.91,91
2026-08-01 02:00:00,55.2,23.9,180.0,22.0,9.1,33.0,50.0,0.95,91
2026-08-01 03:00:00,52.0,23.0,157.0,20.8,9.3,32.0,47.0,0.96,91
2026-08-01 04:00:00,50.1,22.2,144.0,19.5,9.5,31.0,44.0,0.91,91
2026-08-01 05:00:00,53.7,22.9,159.0,19.3,10.3,31.0,51.0,0.94,91
2026-08-01 06:00:00,53.8,22.7,230.0,19.7,10.6,32.0,62.0,0.95,91
2026-08-01 07:00:00,67.8,25.1,329.0,20.2,11.1,34.0,79.0,0.95,91
2026-08-01 08:00:00,81.7,27.8,399.0,19.8,11.9,41.0,93.0,0.94,91
2026-08-01 09:00:00,92.2,31.2,414.0,18.1,13.4,57.0,105.0,0.92,91
2026-08-01 10:00:00,101.3,34.7,398.0,15.6,15.2,78.0,115.0,0.92,91
2026-08-01 11:00:00,107.6,38.9,370.0,13.0,15.9,96.0,119.0,0.92,91
2026-08-01 12:00:00,107.3,41.8,323.0,10.1,14.5,111.0,113.0,0.91,91
2026-08-01 13:00:00,101.5,41.2,262.0,7.1,12.0,122.0,102.0,0.92,91
2026-08-01 14:00:00,94.1,37.8,223.0,5.4,9.8,124.0,92.0,0.91,91
2026-08-01 15:00:00,86.8,33.6,225.0,5.6,8.2,109.0,88.0,0.89,91
2026-08-01 16:00:00,86.8,31.8,249.0,7.0,6.8,85.0,86.0,0.89,90
2026-08-01 17:00:00,90.6,31.7,267.0,11.3,6.6,63.0,99.0,0.99,90
2026-08-01 18:00:00,84.5,30.0,271.0,13.0,6.4,56.0,93.0,1.0,89
2026-08-01 19:00:00,76.6,27.3,270.0,15.2,6.0,47.0,85.0,0.99,89
2026-08-01 20:00:00,71.2,25.0,260.0,16.4,5.8,41.0,78.0,0.97,88
2026-08-01 21:00:00,68.7,23.7,235.0,15.6,5.8,40.0,74.0,1.01,88
2026-08-01 22:00:00,66.6,23.1,201.0,13.7,5.8,41.0,71.0,1.03,88
2026-08-01 23:00:00,62.4,22.4,171.0,11.8,5.8,42.0,67.0,1.0,88
2026-08-02 00:00:00,56.5,21.1,150.0,10.2,5.5,43.0,61.0,1.0,87
2026-08-02 01:00:00,54.2,20.3,135.0,8.7,5.1,44.0,55.0,1.03,87
2026-08-02 02:00:00,49.9,19.0,124.0,7.4,4.8,45.0,50.0,1.04,87
2026-08-02 03:00:00,49.4,18.7,115.0,6.4,4.7,46.0,49.0,1.11,86
2026-08-02 04:00:00,48.3,18.2,112.0,5.8,4.6,46.0,50.0,1.23,86
2026-08-02 05:00:00,61.2,20.9,124.0,5.2,4.7,49.0,68.0,1.14,86
2026-08-02 06:00:00,55.5,19.6,169.0,5.9,4.9,48.0,69.0,1.17,86
2026-08-02 07:00:00,61.0,20.4,231.0,6.8,5.2,48.0,71.0,1.17,85
2026-08-02 08:00:00,68.2,23.1,268.0,7.2,5.6,50.0,74.0,1.18,85
2026-08-02 09:00:00,71.5,24.2,257.0,6.5,6.1,57.0,79.0,1.14,85
2026-08-02 10:00:00,75.7,25.3,221.0,5.4,6.6,66.0,85.0,1.14,84
2026-08-02 11:00:00,78.9,26.4,193.0,4.3,6.8,73.0,88.0,1.13,83
2026-08-02 12:00:00,80.6,27.2,183.0,3.5,6.5,77.0,87.0,1.11,82
2026-08-02 13:00:00,76.8,26.4,180.0,2.9,5.8,80.0,82.0,1.05,81
2026-08-02 14:00:00,71.9,25.2,182.0,2.7,5.3,79.0,77.0,1.05,80
2026-08-02 15:00:00,65.0,23.6,192.0,3.3,5.0,72.0,70.0,1.04,79
2026-08-02 16:00:00,61.7,22.8,207.0,4.4,4.9,61.0,63.0,1.05,78
2026-08-02 17:00:00,77.8,26.4,216.0,7.2,5.4,49.0,85.0,0.9,77
2026-08-02 18:00:00,76.1,26.5,213.0,8.3,5.6,47.0,82.0,0.87,77
2026-08-02 19:00:00,74.5,26.8,204.0,9.9,5.9,44.0,78.0,0.85,77
2026-08-02 20:00:00,73.6,27.3,192.0,11.2,6.1,41.0,74.0,0.84,77
2026-08-02 21:00:00,69.2,27.8,178.0,12.0,6.4,39.0,70.0,0.82,77
2026-08-02 22:00:00,70.3,28.8,163.0,12.6,6.6,38.0,65.0,0.83,77
2026-08-02 23:00:00,63.8,25.3,149.0,12.4,6.6,37.0,63.0,0.82,78
2026-08-03 00:00:00,68.0,27.5,138.0,11.1,6.2,38.0,64.0,0.82,78
2026-08-03 01:00:00,77.1,30.4,128.0,9.1,5.7,40.0,68.0,0.85,78
2026-08-03 02:00:00,74.7,30.0,123.0,7.4,5.2,41.0,70.0,0.89,79
2026-08-03 03:00:00,74.0,29.8,117.0,6.1,4.9,42.0,70.0,0.93,80
2026-08-03 04:00:00,70.8,27.8,116.0,5.2,4.6,43.0,69.0,0.95,81
2026-08-03 05:00:00,69.2,26.8,132.0,5.0,4.7,44.0,68.0,0.96,82
2026-08-03 06:00:00,65.4,25.2,187.0,7.5,5.3,42.0,69.0,0.93,82
2026-08-03 07:00:00,61.7,24.2,260.0,10.9,6.2,40.0,71.0,0.87,83
2026-08-03 08:00:00,71.2,26.5,305.0,12.9,6.8,39.0,73.0,0.83,83
2026-08-03 09:00:00,70.8,26.1,293.0,12.3,6.9,41.0,75.0,0.81,83
2026-08-03 10:00:00,71.0,25.6,252.0,10.4,6.8,45.0,77.0,0.79,83
2026-08-03 11:00:00,72.4,25.5,220.0,8.7,6.6,49.0,78.0,0.76,83
2026-08-03 12:00:00,72.2,25.6,209.0,7.7,6.4,52.0,77.0,0.76,83
2026-08-03 13:00:00,69.8,25.2,207.0,7.1,6.1,55.0,74.0,0.74,83
2026-08-03 14:00:00,67.8,24.9,210.0,6.8,5.8,56.0,70.0,0.74,83
2026-08-03 15:00:00,64.5,24.4,222.0,6.8,5.6,56.0,65.0,0.73,83
2026-08-03 16:00:00,61.5,24.1,240.0,7.3,5.5,55.0,59.0,0.73,83
2026-08-03 17:00:00,75.9,29.0,251.0,8.7,5.6,53.0,76.0,0.87,83
2026-08-03 18:00:00,76.4,29.6,249.0,11.8,5.9,48.0,70.0,0.89,83
2026-08-03 19:00:00,75.0,30.4,241.0,16.1,6.4,41.0,62.0,0.9,84
2026-08-03 20:00:00,65.2,28.9,236.0,19.3,6.8,36.0,56.0,0.92,84
2026-08-03 21:00:00,60.8,27.4,241.0,20.8,7.2,34.0,54.0,0.92,84
2026-08-03 22:00:00,61.2,27.6,247.0,21.3,7.5,33.0,54.0,0.93,84
2026-08-03 23:00:00,61.7,27.9,243.0,20.6,7.6,33.0,55.0,0.94,84
2026-08-04 00:00:00,63.1,28.1,215.0,18.1,7.2,35.0,58.0,0.95,84
2026-08-04 01:00:00,77.3,32.1,176.0,14.4,6.4,39.0,61.0,0.93,84
2026-08-04 02:00:00,67.8,28.8,147.0,11.2,5.8,42.0,63.0,0.87,84
2026-08-04 03:00:00,58.7,25.1,133.0,8.9,5.4,44.0,61.0,0.84,84
2026-08-04 04:00:00,55.4,23.4,130.0,7.2,5.1,46.0,58.0,0.83,84
2026-08-04 05:00:00,53.2,22.5,142.0,7.4,5.7,45.0,50.0,0.81,84
2026-08-04 06:00:00,53.2,22.6,185.0,8.2,5.9,46.0,53.0,0.8,83
2026-08-04 07:00:00,58.3,23.7,243.0,9.2,6.2,48.0,57.0,0.77,83
2026-08-04 08:00:00,63.6,25.3,279.0,9.6,6.4,51.0,61.0,0.74,83
2026-08-04 09:00:00,69.2,26.9,268.0,8.7,6.4,57.0,65.0,0.72,83
2026-08-04 10:00:00,71.2,27.0,234.0,7.1,6.2,64.0,70.0,0.71,83
2026-08-04 11:00:00,71.0,27.0,208.0,5.8,6.0,70.0,72.0,0.73,83
2026-08-04 12:00:00,67.5,26.2,203.0,4.9,5.8,75.0,70.0,0.76,83
2026-08-04 13:00:00,65.2,25.6,206.0,4.1,5.5,78.0,67.0,0.78,83
2026-08-04 14:00:00,64.7,25.5,214.0,4.1,5.3,79.0,63.0,0.8,83
2026-08-04 15:00:00,64.7,25.7,230.0,5.0,5.3,75.0,60.0,0.82,83
2026-08-04 16:00:00,65.2,25.7,252.0,6.7,5.5,69.0,57.0,0.85,83
2026-08-04 17:00:00,70.5,27.8,265.0,7.9,5.6,66.0,70.0,0.89,83
2026-08-04 18:00:00,70.5,27.6,263.0,9.7,5.9,60.0,69.0,0.86,83
2026-08-04 19:00:00,69.6,27.9,254.0,12.2,6.2,52.0,67.0,0.82,83
2026-08-04 20:00:00,68.9,28.3,242.0,14.2,6.5,45.0,64.0,0.8,83
2026-08-04 21:00:00,66.6,27.8,231.0,15.5,6.7,42.0,59.0,0.79,83
2026-08-04 22:00:00,57.5,25.1,219.0,16.2,6.8,40.0,53.0,0.8,83
2026-08-04 23:00:00,53.6,24.0,204.0,16.1,6.7,40.0,48.0,0.84,83
2026-08-05 00:00:00,52.6,23.7,183.0,14.6,6.4,41.0,46.0,0.87,83
2026-08-05 01:00:00,51.5,23.2,158.0,12.2,5.8,43.0,45.0,0.89,82
2026-08-05 02:00:00,49.8,22.6,140.0,10.0,5.4,45.0,43.0,0.91,81
2026-08-05 03:00:00,47.6,21.6,127.0,8.2,5.1,47.0,39.0,0.91,81
2026-08-05 04:00:00,38.6,17.7,121.0,6.5,4.9,49.0,35.0,0.92,81
2026-08-05 05:00:00,34.9,15.8,132.0,6.0,4.9,51.0,30.0,0.87,80
2026-08-05 06:00:00,36.0,16.1,180.0,7.2,5.2,50.0,34.0,0.87,80
2026-08-05 07:00:00,41.8,17.8,245.0,8.8,5.6,50.0,40.0,0.85,79
2026-08-05 08:00:00,49.2,20.4,285.0,9.5,5.9,52.0,46.0,0.8,79
2026-08-05 09:00:00,56.3,22.8,272.0,8.4,5.9,60.0,52.0,0.8,78
2026-08-05 10:00:00,62.6,24.9,233.0,6.4,5.7,71.0,58.0,0.82,78
2026-08-05 11:00:00,64.0,25.6,204.0,4.8,5.5,79.0,62.0,0.86,78
2026-08-05 12:00:00,65.0,26.0,197.0,3.9,5.3,83.0,63.0,0.91,78
2026-08-05 13:00:00,64.0,26.0,200.0,3.5,5.0,84.0,61.0,0.94,78
2026-08-05 14:00:00,63.1,25.8,207.0,3.5,4.8,83.0,60.0,1.0,78
2026-08-05 15:00:00,62.6,25.8,221.0,4.2,4.8,78.0,59.0,1.04,78
2026-08-05 16:00:00,64.3,26.5,240.0,5.4,4.8,70.0,58.0,1.04,78
2026-08-05 17:00:00,90.1,36.1,249.0,6.6,4.8,63.0,86.0,1.08,78
2026-08-05 18:00:00,89.9,36.3,241.0,9.0,5.0,57.0,81.0,1.05,79
2026-08-05 19:00:00,87.1,36.4,223.0,12.3,5.3,50.0,74.0,0.99,79
2026-08-05 20:00:00,80.8,35.5,208.0,14.4,5.5,44.0,67.0,0.9,80
2026-08-05 21:00:00,75.7,34.0,203.0,14.5,5.7,43.0,61.0,0.81,80
2026-08-05 22:00:00,70.3,32.2,200.0,13.5,5.8,43.0,56.0,0.77,81
2026-08-05 23:00:00,61.5,27.2,192.0,12.2,5.8,44.0,53.0,0.78,82
2026-08-06 00:00:00,58.8,25.8,172.0,10.9,5.6,44.0,53.0,0.82,82
2026-08-06 01:00:00,59.3,25.5,147.0,9.4,5.2,45.0,55.0,0.86,82
2026-08-06 02:00:00,59.3,25.3,129.0,8.0,4.9,46.0,55.0,0.88,82
2026-08-06 03:00:00,58.1,24.6,120.0,6.8,4.7,47.0,52.0,0.89,82
2026-08-06 04:00:00,53.4,22.8,119.0,5.7,4.6,49.0,47.0,0.87,83
2026-08-06 05:00:00,52.2,22.5,131.0,5.6,4.8,50.0,48.0,0.86,83
2026-08-06 06:00:00,50.8,22.4,171.0,7.1,5.0,49.0,50.0,0.85,83
2026-08-06 07:00:00,53.1,23.4,225.0,9.0,5.3,49.0,52.0,0.86,84
2026-08-06 08:00:00,59.8,25.6,258.0,9.9,5.5,50.0,54.0,0.86,84
2026-08-06 09:00:00,64.5,27.5,249.0,8.7,5.5,56.0,54.0,0.9,85
2026-08-06 10:00:00,71.0,29.8,219.0,6.4,5.3,64.0,54.0,0.89,85
2026-08-06 11:00:00,62.6,27.0,196.0,4.6,5.2,70.0,54.0,0.91,86
2026-08-06 12:00:00,62.2,26.5,189.0,3.7,5.1,74.0,55.0,0.94,86
2026-08-06 13:00:00,67.5,27.6,188.0,3.4,4.9,76.0,55.0,0.96,86
2026-08-06 14:00:00,61.5,26.3,194.0,3.5,4.8,76.0,54.0,0.99,86
2026-08-06 15:00:00,63.8,27.5,210.0,4.3,4.8,72.0,48.0,1.03,86
2026-08-06 16:00:00,53.2,25.0,232.0,5.7,4.8,65.0,41.0,1.07,86
2026-08-06 17:00:00,46.2,22.4,247.0,6.7,4.8,61.0,32.0,0.96,86
2026-08-06 18:00:00,42.8,21.8,249.0,8.5,5.0,57.0,30.0,0.99,85
2026-08-06 19:00:00,43.0,22.2,243.0,10.9,5.3,51.0,27.0,1.02,84
2026-08-06 20:00:00,43.7,22.7,236.0,12.6,5.5,47.0,25.0,1.05,83
2026-08-06 21:00:00,42.4,21.3,230.0,13.0,5.7,46.0,25.0,1.08,82
2026-08-06 22:00:00,38.6,19.6,223.0,12.7,5.8,46.0,27.0,1.08,81
2026-08-06 23:00:00,38.4,19.1,211.0,11.9,5.7,47.0,28.0,1.06,80
2026-08-07 00:00:00,36.8,18.1,190.0,10.5,5.4,48.0,29.0,1.05,79
2026-08-07 01:00:00,43.1,20.3,165.0,8.5,4.9,48.0,29.0,1.07,78
2026-08-07 02:00:00,38.0,18.3,145.0,7.0,4.5,49.0,28.0,1.07,78
2026-08-07 03:00:00,32.5,16.1,131.0,6.0,4.4,49.0,25.0,1.09,77
2026-08-07 04:00:00,29.7,14.7,122.0,5.4,4.4,49.0,22.0,1.08,77
2026-08-07 05:00:00,41.8,18.7,131.0,5.7,4.7,52.0,36.0,1.1,76
2026-08-07 06:00:00,35.4,16.8,175.0,7.5,5.2,51.0,35.0,1.04,76
2026-08-07 07:00:00,36.1,17.6,236.0,10.0,5.8,49.0,33.0,0.98,75
2026-08-07 08:00:00,42.1,19.6,273.0,11.1,6.2,50.0,33.0,0.91,75
2026-08-07 09:00:00,50.9,21.8,263.0,9.7,6.1,56.0,37.0,0.89,74
2026-08-07 10:00:00,54.7,22.6,229.0,7.0,5.7,64.0,43.0,0.92,74
2026-08-07 11:00:00,54.6,22.8,203.0,4.9,5.3,71.0,49.0,0.95,73
2026-08-07 12:00:00,57.3,23.3,195.0,3.9,5.1,75.0,54.0,0.98,73
2026-08-07 13:00:00,55.9,23.4,194.0,3.4,5.0,77.0,59.0,0.97,73
2026-08-07 14:00:00,63.1,24.6,199.0,3.6,4.9,76.0,61.0,0.97,72
2026-08-07 15:00:00,64.7,25.0,214.0,4.6,4.9,70.0,60.0,0.96,72
2026-08-07 16:00:00,59.6,23.9,234.0,6.1,5.0,61.0,58.0,0.95,72
2026-08-07 17:00:00,69.4,26.5,248.0,7.5,4.9,55.0,68.0,0.88,72
2026-08-07 18:00:00,66.6,26.7,248.0,9.7,5.3,49.0,63.0,0.89,72
2026-08-07 19:00:00,64.7,27.1,242.0,12.8,5.8,42.0,57.0,0.9,73
2026-08-07 20:00:00,64.5,28.6,234.0,14.8,6.2,36.0,51.0,0.9,73
2026-08-07 21:00:00,53.7,24.0,228.0,14.9,6.4,35.0,47.0,0.91,74
2026-08-07 22:00:00,53.0,23.2,221.0,14.0,6.5,35.0,43.0,0.92,74
2026-08-07 23:00:00,48.5,21.8,208.0,12.9,6.4,36.0,40.0,0.96,74
2026-08-08 00:00:00,45.9,20.7,183.0,11.7,6.2,37.0,39.0,0.98,74
2026-08-08 01:00:00,55.2,23.7,153.0,10.2,5.8,37.0,39.0,1.01,75
2026-08-08 02:00:00,45.4,20.4,131.0,9.0,5.5,38.0,38.0,1.0,75
2026-08-08 03:00:00,40.3,18.2,118.0,8.0,5.4,38.0,35.0,0.98,75
2026-08-08 04:00:00,38.3,17.1,114.0,7.3,5.3,38.0,31.0,0.95,75
2026-08-08 05:00:00,36.2,16.5,128.0,6.5,5.3,42.0,29.0,1.0,75
2026-08-08 06:00:00,37.0,16.6,179.0,7.9,5.7,41.0,33.0,0.95,75
2026-08-08 07:00:00,44.0,18.6,249.0,9.7,6.3,41.0,39.0,0.88,75
2026-08-08 08:00:00,51.1,20.9,291.0,10.5,6.7,43.0,47.0,0.82,75
2026-08-08 09:00:00,60.8,23.5,278.0,9.3,6.6,51.0,60.0,0.79,75
2026-08-08 10:00:00,68.7,25.4,237.0,7.0,6.3,61.0,74.0,0.77,75
2026-08-08 11:00:00,78.0,27.4,206.0,5.2,6.0,70.0,85.0,0.76,76
2026-08-08 12:00:00,78.2,27.2,197.0,4.3,5.8,76.0,89.0,0.74,76
2026-08-08 13:00:00,78.7,27.5,197.0,3.9,5.5,79.0,89.0,0.72,76
2026-08-08 14:00:00,78.7,27.4,204.0,4.0,5.4,80.0,87.0,0.7,77
2026-08-08 15:00:00,75.0,26.5,223.0,4.7,5.5,76.0,82.0,0.69,77
2026-08-08 16:00:00,70.8,25.6,250.0,5.8,5.7,69.0,75.0,0.68,77
2026-08-08 17:00:00,97.6,32.7,266.0,6.7,6.0,74.0,112.0,0.64,77
2026-08-08 18:00:00,85.4,30.2,263.0,8.8,6.1,64.0,96.0,0.64,78
2026-08-08 19:00:00,69.2,27.0,251.0,11.6,6.3,51.0,74.0,0.66,78
2026-08-08 20:00:00,61.7,25.6,237.0,13.6,6.4,41.0,56.0,0.7,78
2026-08-08 21:00:00,56.9,24.0,226.0,14.1,6.4,37.0,48.0,0.73,78
2026-08-08 22:00:00,55.2,23.3,214.0,13.9,6.4,37.0,45.0,0.74,78
2026-08-08 23:00:00,48.5,21.1,198.0,13.4,6.3,37.0,42.0,0.75,78
2026-08-09 00:00:00,44.2,19.9,173.0,12.8,6.2,37.0,38.0,0.77,78
2026-08-09 01:00:00,41.6,18.8,145.0,11.9,6.0,37.0,34.0,0.76,78
2026-08-09 02:00:00,38.2,17.6,125.0,11.0,5.9,37.0,31.0,0.75,77
2026-08-09 03:00:00,36.8,16.8,118.0,10.2,5.9,37.0,29.0,0.73,77
2026-08-09 04:00:00,36.0,16.3,120.0,9.4,5.9,37.0,27.0,0.72,77
2026-08-09 05:00:00,33.9,16.1,130.0,9.7,6.4,38.0,27.0,0.73,77
2026-08-09 06:00:00,33.2,16.2,157.0,9.5,6.7,40.0,32.0,0.71,77
2026-08-09 07:00:00,41.2,18.2,193.0,9.1,7.1,43.0,40.0,0.69,77
2026-08-09 08:00:00,51.3,19.7,215.0,8.4,7.3,48.0,51.0,0.67,77
2026-08-09 09:00:00,63.3,22.7,211.0,6.9,7.3,58.0,68.0,0.64,77
2026-08-09 10:00:00,76.4,25.6,194.0,5.0,7.2,71.0,88.0,0.63,77
2026-08-09 11:00:00,85.0,28.0,179.0,3.6,7.0,82.0,100.0,0.63,77
2026-08-09 12:00:00,83.6,28.9,170.0,2.9,6.8,90.0,99.0,0.62,77
2026-08-09 13:00:00,81.0,29.0,164.0,2.6,6.7,97.0,90.0,0.63,77
2026-08-09 14:00:00,74.5,27.5,162.0,2.6,6.4,98.0,80.0,0.63,77
2026-08-09 15:00:00,63.6,24.2,168.0,3.0,6.0,90.0,72.0,0.62,77
2026-08-09 16:00:00,57.2,21.8,180.0,3.7,5.5,77.0,63.0,0.6,77
2026-08-09 17:00:00,99.2,32.4,188.0,4.6,5.5,72.0,117.0,0.66,76
2026-08-09 18:00:00,85.7,28.7,191.0,6.3,5.6,64.0,100.0,0.64,76
2026-08-09 19:00:00,71.2,25.3,191.0,8.6,5.7,53.0,77.0,0.63,76
2026-08-09 20:00:00,58.6,23.1,187.0,10.1,5.8,45.0,57.0,0.62,76
2026-08-09 21:00:00,51.3,21.1,177.0,10.3,5.8,42.0,46.0,0.61,76
2026-08-09 22:00:00,46.1,19.5,162.0,9.7,5.6,43.0,38.0,0.59,76
2026-08-09 23:00:00,36.8,16.0,149.0,9.0,5.5,43.0,32.0,0.59,75
2026-08-10 00:00:00,30.5,13.8,138.0,8.3,5.3,43.0,26.0,0.58,75
2026-08-10 01:00:00,27.1,12.6,127.0,7.5,5.1,44.0,22.0,0.56,74
2026-08-10 02:00:00,25.2,11.9,120.0,6.8,4.9,44.0,19.0,0.56,74
2026-08-10 03:00:00,24.7,11.6,111.0,6.3,4.8,44.0,17.0,0.58,74
2026-08-10 04:00:00,24.6,11.6,105.0,5.9,4.9,44.0,17.0,0.59,73
2026-08-10 05:00:00,28.3,11.7,118.0,5.7,4.8,47.0,27.0,0.62,73
2026-08-10 06:00:00,28.3,12.4,170.0,7.0,5.2,46.0,29.0,0.64,72
2026-08-10 07:00:00,32.4,14.3,241.0,8.8,5.7,46.0,33.0,0.66,72
2026-08-10 08:00:00,42.1,17.2,282.0,9.5,6.0,48.0,40.0,0.69,72
2026-08-10 09:00:00,57.6,20.5,264.0,8.1,5.8,56.0,54.0,0.73,72
2026-08-10 10:00:00,70.5,23.5,217.0,5.8,5.4,67.0,70.0,0.77,71
2026-08-10 11:00:00,71.7,25.0,181.0,3.9,5.0,75.0,80.0,0.75,71
2026-08-10 12:00:00,73.8,26.0,174.0,3.2,4.8,79.0,78.0,0.72,71
2026-08-10 13:00:00,67.5,25.8,178.0,3.0,4.7,81.0,69.0,0.69,71
2026-08-10 14:00:00,61.2,24.7,186.0,3.2,4.6,80.0,61.0,0.67,71
2026-08-10 15:00:00,55.9,23.7,198.0,3.9,4.6,75.0,55.0,0.65,70
2026-08-10 16:00:00,59.8,25.4,214.0,5.1,4.6,67.0,50.0,0.63,70
2026-08-10 17:00:00,65.4,25.6,223.0,6.1,4.5,60.0,65.0,0.6,71
2026-08-10 18:00:00,55.3,23.3,218.0,7.6,4.6,55.0,57.0,0.59,70
2026-08-10 19:00:00,49.9,22.3,206.0,9.6,4.7,47.0,46.0,0.55,70
2026-08-10 20:00:00,47.6,22.2,195.0,11.2,4.9,42.0,37.0,0.53,69
2026-08-10 21:00:00,43.5,20.9,189.0,11.9,5.2,40.0,33.0,0.52,69
2026-08-10 22:00:00,39.1,18.7,183.0,12.2,5.5,40.0,32.0,0.52,69
2026-08-10 23:00:00,40.3,19.5,174.0,11.8,5.6,40.0,31.0,0.54,69
2026-08-11 00:00:00,39.7,19.7,157.0,10.6,5.4,41.0,29.0,0.57,70
2026-08-11 01:00:00,37.8,19.0,137.0,8.8,5.0,42.0,28.0,0.58,70
2026-08-11 02:00:00,35.7,17.9,122.0,7.2,4.6,43.0,27.0,0.58,70
2026-08-11 03:00:00,35.6,17.4,112.0,6.0,4.4,44.0,27.0,0.58,71
2026-08-11 04:00:00,36.3,17.5,108.0,5.1,4.2,45.0,27.0,0.61,71
2026-08-11 05:00:00,38.6,18.8,120.0,4.9,4.2,46.0,30.0,0.62,72
2026-08-11 06:00:00,51.7,24.2,165.0,6.7,4.6,45.0,31.0,0.63,72
2026-08-11 07:00:00,45.5,21.9,227.0,9.2,5.2,43.0,33.0,0.63,73
2026-08-11 08:00:00,47.5,23.1,265.0,10.5,5.5,44.0,36.0,0.63,74
2026-08-11 09:00:00,54.9,25.8,255.0,9.5,5.4,49.0,43.0,0.64,74
2026-08-11 10:00:00,61.9,27.8,220.0,7.2,5.1,56.0,51.0,0.63,75
2026-08-11 11:00:00,65.9,28.7,195.0,5.4,4.9,62.0,58.0,0.62,75
2026-08-11 12:00:00,68.2,29.1,191.0,4.5,4.8,66.0,63.0,0.59,75
2026-08-11 13:00:00,68.2,29.0,196.0,3.9,4.7,69.0,66.0,0.56,76
2026-08-11 14:00:00,70.5,29.6,205.0,3.9,4.6,70.0,66.0,0.55,76
2026-08-11 15:00:00,63.3,27.9,220.0,4.6,4.6,67.0,60.0,0.56,76
2026-08-11 16:00:00,59.4,26.7,238.0,5.8,4.7,61.0,52.0,0.57,77
2026-08-11 17:00:00,62.4,26.0,250.0,7.1,4.9,56.0,57.0,0.5,77
2026-08-11 18:00:00,53.3,24.2,249.0,9.1,5.2,51.0,49.0,0.47,77
2026-08-11 19:00:00,47.8,22.9,240.0,12.0,5.6,45.0,37.0,0.45,77
2026-08-11 20:00:00,42.6,21.6,234.0,14.3,6.0,40.0,28.0,0.46,77
2026-08-11 21:00:00,38.1,19.4,236.0,15.8,6.4,38.0,25.0,0.48,77
2026-08-11 22:00:00,38.1,19.4,240.0,16.9,6.8,37.0,24.0,0.5,77
2026-08-11 23:00:00,36.8,19.0,233.0,16.7,6.9,37.0,25.0,0.53,77
2026-08-12 00:00:00,37.7,19.0,205.0,14.5,6.5,39.0,26.0,0.54,77
2026-08-12 01:00:00,39.3,18.7,167.0,11.1,5.9,43.0,28.0,0.54,77
2026-08-12 02:00:00,37.8,17.6,140.0,8.5,5.4,46.0,30.0,0.55,77
2026-08-12 03:00:00,36.4,16.8,126.0,7.2,5.2,47.0,30.0,0.54,77
2026-08-12 04:00:00,36.9,17.2,123.0,6.7,5.2,46.0,30.0,0.54,77
2026-08-12 05:00:00,37.5,17.5,141.0,6.8,5.3,47.0,30.0,0.57,77
2026-08-12 06:00:00,36.4,17.6,201.0,8.7,5.6,45.0,31.0,0.57,77
2026-08-12 07:00:00,39.6,18.3,281.0,11.3,6.1,44.0,31.0,0.54,76
2026-08-12 08:00:00,42.5,19.8,329.0,12.5,6.4,45.0,33.0,0.53,76
2026-08-12 09:00:00,46.9,21.7,313.0,11.1,6.5,52.0,36.0,0.54,75
2026-08-12 10:00:00,48.4,22.2,266.0,8.3,6.6,61.0,39.0,0.53,75
2026-08-12 11:00:00,52.0,23.7,228.0,6.0,6.5,70.0,42.0,0.54,75
2026-08-12 12:00:00,52.5,24.0,216.0,4.7,6.3,78.0,43.0,0.58,74
2026-08-12 13:00:00,53.0,24.3,213.0,4.0,5.9,86.0,44.0,0.59,74
2026-08-12 14:00:00,53.1,24.4,218.0,4.0,5.7,89.0,43.0,0.58,74
2026-08-12 15:00:00,52.5,24.5,233.0,5.1,5.7,84.0,41.0,0.57,73
2026-08-12 16:00:00,52.9,24.9,256.0,6.9,5.9,74.0,38.0,0.57,73
2026-08-12 17:00:00,63.3,27.5,271.0,8.5,5.9,69.0,56.0,0.53,73
2026-08-12 18:00:00,57.4,26.3,273.0,10.4,6.1,61.0,50.0,0.52,73
2026-08-12 19:00:00,53.2,25.1,268.0,13.1,6.3,51.0,43.0,0.51,73
2026-08-12 20:00:00,50.6,24.6,257.0,14.9,6.5,43.0,36.0,0.5,73
2026-08-12 21:00:00,49.9,24.9,240.0,15.3,6.6,40.0,32.0,0.5,73
2026-08-12 22:00:00,43.4,21.7,218.0,14.8,6.7,40.0,30.0,0.5,74
2026-08-12 23:00:00,40.3,20.3,197.0,14.0,6.7,40.0,28.0,0.52,74
2026-08-13 00:00:00,38.3,19.4,176.0,12.8,6.4,40.0,27.0,0.55,74
2026-08-13 01:00:00,41.8,20.8,155.0,11.2,6.0,41.0,27.0,0.59,74
2026-08-13 02:00:00,38.5,19.3,140.0,9.8,5.7,42.0,27.0,0.6,74
2026-08-13 03:00:00,36.9,18.3,129.0,8.6,5.5,42.0,25.0,0.57,74
2026-08-13 04:00:00,34.5,17.2,124.0,7.6,5.4,42.0,23.0,0.56,75
2026-08-13 05:00:00,36.8,17.7,136.0,6.8,5.3,47.0,28.0,0.58,75
2026-08-13 06:00:00,37.6,17.8,183.0,7.7,5.4,47.0,32.0,0.58,75
2026-08-13 07:00:00,44.5,19.6,246.0,8.9,5.6,48.0,39.0,0.57,75
2026-08-13 08:00:00,51.9,22.4,284.0,9.3,5.8,51.0,45.0,0.56,75
2026-08-13 09:00:00,56.3,23.9,271.0,8.2,6.0,58.0,52.0,0.58,75
2026-08-13 10:00:00,58.8,24.3,232.0,6.4,6.2,68.0,60.0,0.59,75
2026-08-13 11:00:00,64.3,25.3,202.0,4.9,6.2,76.0,64.0,0.62,75
2026-08-13 12:00:00,62.6,25.4,194.0,4.0,5.9,83.0,62.0,0.63,75
2026-08-13 13:00:00,61.0,25.6,195.0,3.4,5.5,89.0,57.0,0.61,75
2026-08-13 14:00:00,57.6,25.1,201.0,3.4,5.2,90.0,51.0,0.61,76
2026-08-13 15:00:00,53.3,23.9,216.0,4.2,5.1,83.0,47.0,0.6,76
2026-08-13 16:00:00,50.2,22.8,236.0,5.6,5.0,71.0,42.0,0.6,76
2026-08-13 17:00:00,50.8,21.6,248.0,6.5,4.6,61.0,46.0,0.53,75
2026-08-13 18:00:00,48.0,21.0,247.0,8.8,5.0,55.0,43.0,0.52,75
2026-08-13 19:00:00,48.0,21.5,238.0,11.9,5.5,47.0,39.0,0.52,75
2026-08-13 20:00:00,48.0,22.3,225.0,13.9,5.8,41.0,36.0,0.53,74
2026-08-13 21:00:00,47.5,22.6,206.0,13.8,5.8,40.0,34.0,0.53,74
2026-08-13 22:00:00,43.1,20.4,183.0,12.6,5.7,41.0,32.0,0.55,74
2026-08-13 23:00:00,41.7,20.1,163.0,11.3,5.5,42.0,31.0,0.6,74
2026-08-14 00:00:00,44.5,21.4,150.0,10.0,5.2,43.0,32.0,0.63,74
2026-08-14 01:00:00,60.3,27.4,141.0,8.6,4.8,44.0,33.0,0.65,74
2026-08-14 02:00:00,43.9,21.2,134.0,7.4,4.6,45.0,34.0,0.64,74
2026-08-14 03:00:00,41.1,19.8,125.0,6.5,4.5,45.0,33.0,0.63,75
2026-08-14 04:00:00,39.3,18.9,118.0,5.9,4.6,45.0,31.0,0.67,75
2026-08-14 05:00:00,41.7,19.4,127.0,5.3,4.3,48.0,35.0,0.66,75
2026-08-14 06:00:00,41.0,19.8,170.0,6.6,4.6,47.0,38.0,0.7,75
2026-08-14 07:00:00,46.3,21.7,228.0,8.4,5.0,47.0,42.0,0.74,75
2026-08-14 08:00:00,54.0,24.5,263.0,9.2,5.3,49.0,45.0,0.74,75
2026-08-14 09:00:00,60.8,26.8,251.0,8.0,5.2,57.0,48.0,0.73,75
2026-08-14 10:00:00,61.0,26.8,215.0,5.7,5.0,67.0,50.0,0.72,76
2026-08-14 11:00:00,59.3,26.4,188.0,4.1,4.7,73.0,51.0,0.72,76
2026-08-14 12:00:00,57.0,25.4,183.0,3.8,4.5,72.0,49.0,0.77,76
2026-08-14 13:00:00,52.6,23.3,186.0,4.1,4.2,67.0,46.0,0.8,76
2026-08-14 14:00:00,49.7,21.9,194.0,4.8,4.1,62.0,42.0,0.84,76
2026-08-14 15:00:00,44.6,20.5,208.0,6.0,4.2,58.0,38.0,0.87,76
2026-08-14 16:00:00,42.5,20.1,227.0,7.6,4.4,54.0,33.0,0.87,75
2026-08-14 17:00:00,47.4,22.1,239.0,8.7,4.5,52.0,34.0,0.76,75
2026-08-14 18:00:00,46.4,22.5,238.0,9.8,4.7,50.0,32.0,0.75,75
2026-08-14 19:00:00,45.1,22.4,230.0,11.4,5.0,47.0,30.0,0.71,75
2026-08-14 20:00:00,46.3,23.5,223.0,12.5,5.2,44.0,28.0,0.66,75
2026-08-14 21:00:00,42.4,21.1,224.0,12.8,5.4,43.0,28.0,0.65,75
2026-08-14 22:00:00,36.9,18.8,227.0,12.7,5.5,42.0,28.0,0.64,75
2026-08-14 23:00:00,39.8,19.8,220.0,12.0,5.5,42.0,28.0,0.62,75
2026-08-15 00:00:00,38.4,19.6,192.0,10.5,5.2,43.0,28.0,0.59,75
2026-08-15 01:00:00,35.4,18.0,153.0,8.6,4.6,44.0,28.0,0.59,75
2026-08-15 02:00:00,38.5,19.0,125.0,7.0,4.3,45.0,28.0,0.6,74
2026-08-15 03:00:00,39.8,19.4,111.0,6.1,4.3,45.0,27.0,0.6,74
2026-08-15 04:00:00,37.4,18.3,107.0,5.6,4.5,45.0,26.0,0.59,74
2026-08-15 05:00:00,33.9,16.2,123.0,5.9,4.6,47.0,27.0,0.59,74
2026-08-15 06:00:00,33.2,16.2,178.0,7.4,4.9,46.0,29.0,0.62,74
2026-08-15 07:00:00,36.9,17.8,254.0,9.5,5.2,45.0,31.0,0.66,73
2026-08-15 08:00:00,43.4,20.3,299.0,10.5,5.5,46.0,34.0,0.7,73
2026-08-15 09:00:00,48.8,22.0,284.0,9.6,5.5,51.0,37.0,0.75,73
2026-08-15 10:00:00,51.8,23.3,239.0,7.7,5.4,57.0,41.0,0.79,72
2026-08-15 11:00:00,52.9,23.5,205.0,6.1,5.3,63.0,44.0,0.8,72
2026-08-15 12:00:00,55.1,24.4,197.0,5.3,5.2,67.0,45.0,0.81,72
2026-08-15 13:00:00,54.9,24.4,200.0,4.9,5.1,69.0,46.0,0.79,72
2026-08-15 14:00:00,54.9,24.7,207.0,5.0,5.1,69.0,45.0,0.78,72
2026-08-15 15:00:00,51.2,23.2,221.0,6.0,5.1,66.0,42.0,0.77,72
2026-08-15 16:00:00,48.4,22.2,240.0,7.5,5.2,60.0,37.0,0.77,72
2026-08-15 17:00:00,50.9,23.1,252.0,8.4,5.3,58.0,41.0,0.72,73
2026-08-15 18:00:00,49.6,23.0,251.0,10.4,5.6,53.0,38.0,0.68,73
2026-08-15 19:00:00,47.5,22.7,242.0,13.2,6.0,47.0,35.0,0.65,73
2026-08-15 20:00:00,42.8,21.0,232.0,15.4,6.3,42.0,31.0,0.63,73
2026-08-15 21:00:00,38.4,19.1,223.0,16.6,6.5,39.0,28.0,0.61,72
2026-08-15 22:00:00,36.7,18.9,212.0,17.3,6.7,37.0,24.0,0.6,72
2026-08-15 23:00:00,34.2,18.5,196.0,16.9,6.6,37.0,22.0,0.6,72
2026-08-16 00:00:00,32.8,17.8,170.0,14.8,6.1,38.0,21.0,0.61,72
2026-08-16 01:00:00,31.5,17.1,140.0,11.7,5.4,41.0,20.0,0.62,72
2026-08-16 02:00:00,30.7,16.4,119.0,9.2,4.8,43.0,20.0,0.61,72
2026-08-16 03:00:00,30.7,16.1,111.0,7.8,4.6,44.0,20.0,0.61,72
2026-08-16 04:00:00,31.4,16.1,112.0,7.1,4.6,44.0,20.0,0.64,72
2026-08-16 05:00:00,32.6,16.9,122.0,6.4,4.5,45.0,22.0,0.68,71
2026-08-16 06:00:00,34.0,16.9,149.0,7.1,4.9,46.0,25.0,0.69,71
2026-08-16 07:00:00,37.5,18.0,185.0,8.0,5.4,47.0,30.0,0.71,71
2026-08-16 08:00:00,41.8,18.5,206.0,8.2,5.7,49.0,36.0,0.7,72
2026-08-16 09:00:00,51.0,21.5,198.0,7.1,5.7,54.0,45.0,0.74,71
2026-08-16 10:00:00,56.2,22.5,176.0,5.4,5.4,60.0,56.0,0.78,71
2026-08-16 11:00:00,63.1,23.8,159.0,4.1,5.2,65.0,63.0,0.82,71
2026-08-16 12:00:00,63.1,24.2,154.0,3.5,5.0,67.0,63.0,0.81,71
2026-08-16 13:00:00,61.9,24.0,155.0,3.2,4.8,68.0,59.0,0.8,71
2026-08-16 14:00:00,57.9,23.2,159.0,3.3,4.6,67.0,54.0,0.79,71
2026-08-16 15:00:00,53.9,22.4,168.0,3.7,4.5,64.0,49.0,0.8,71
2026-08-16 16:00:00,51.5,21.9,180.0,4.5,4.4,61.0,43.0,0.82,71
2026-08-16 17:00:00,53.9,22.5,187.0,5.5,4.5,55.0,47.0,0.78,71
2026-08-16 18:00:00,52.0,22.6,186.0,6.2,4.6,53.0,43.0,0.79,71
2026-08-16 19:00:00,49.5,22.4,180.0,7.1,4.8,51.0,38.0,0.8,71
2026-08-16 20:00:00,44.0,20.1,174.0,7.8,5.0,49.0,33.0,0.8,71
2026-08-16 21:00:00,38.3,18.2,172.0,8.2,5.1,48.0,29.0,0.82,71
2026-08-16 22:00:00,35.9,17.4,171.0,8.3,5.2,49.0,26.0,0.82,71
2026-08-16 23:00:00,34.6,16.9,165.0,8.1,5.1,49.0,24.0,0.81,71
2026-08-17 00:00:00,34.3,16.6,150.0,7.3,4.7,50.0,23.0,0.81,71
2026-08-17 01:00:00,33.3,15.9,130.0,6.0,4.3,50.0,23.0,0.81,70
2026-08-17 02:00:00,32.1,15.4,115.0,5.1,3.9,51.0,23.0,0.8,70
2026-08-17 03:00:00,31.8,15.0,105.0,4.5,3.8,51.0,23.0,0.77,70
2026-08-17 04:00:00,31.5,14.8,100.0,4.2,3.8,51.0,22.0,0.76,70
2026-08-17 05:00:00,42.4,18.6,113.0,4.8,4.1,50.0,35.0,0.75,70
2026-08-17 06:00:00,36.7,16.9,163.0,6.5,4.7,49.0,36.0,0.73,70
2026-08-17 07:00:00,39.0,17.7,232.0,8.7,5.4,48.0,37.0,0.69,70
2026-08-17 08:00:00,45.1,19.1,273.0,9.9,5.9,49.0,39.0,0.67,70
2026-08-17 09:00:00,53.8,22.1,260.0,8.9,5.9,54.0,44.0,0.65,70
2026-08-17 10:00:00,57.2,23.1,220.0,6.9,5.7,60.0,51.0,0.64,70
2026-08-17 11:00:00,58.6,23.5,189.0,5.2,5.4,65.0,54.0,0.63,70
2026-08-17 12:00:00,56.1,23.1,182.0,4.3,5.1,67.0,52.0,0.63,70
2026-08-17 13:00:00,53.1,22.1,184.0,3.7,4.7,68.0,47.0,0.64,70
2026-08-17 14:00:00,50.1,21.3,191.0,3.7,4.5,67.0,42.0,0.65,70
2026-08-17 15:00:00,47.7,20.8,204.0,4.4,4.4,63.0,38.0,0.66,70
2026-08-17 16:00:00,44.0,19.8,220.0,5.7,4.4,57.0,34.0,0.67,70
2026-08-17 17:00:00,54.0,23.0,230.0,6.7,4.4,53.0,45.0,0.61,70
2026-08-17 18:00:00,50.4,22.4,227.0,8.2,4.6,50.0,41.0,0.63,70
2026-08-17 19:00:00,48.4,22.2,216.0,10.3,5.0,45.0,36.0,0.64,70
2026-08-17 20:00:00,47.1,22.4,208.0,11.6,5.2,42.0,32.0,0.63,70
2026-08-17 21:00:00,45.4,22.0,207.0,11.7,5.3,41.0,31.0,0.6,70
2026-08-17 22:00:00,42.5,20.2,208.0,11.1,5.4,41.0,31.0,0.6,70
2026-08-17 23:00:00,41.6,19.1,202.0,10.2,5.3,42.0,32.0,0.59,70
2026-08-18 00:00:00,36.9,17.3,181.0,8.9,5.0,43.0,36.0,0.57,71
2026-08-18 01:00:00,36.4,16.9,153.0,7.3,4.6,44.0,42.0,0.58,71
2026-08-18 02:00:00,51.2,22.1,132.0,6.1,4.3,45.0,44.0,0.59,71
2026-08-18 03:00:00,39.5,18.3,120.0,5.5,4.3,45.0,40.0,0.58,71
2026-08-18 04:00:00,36.8,17.4,114.0,5.3,4.4,46.0,33.0,0.57,71
2026-08-18 05:00:00,34.8,16.5,125.0,5.5,4.6,47.0,28.0,0.56,72
2026-08-18 06:00:00,32.9,16.0,168.0,7.0,4.9,47.0,28.0,0.55,71
2026-08-18 07:00:00,32.4,16.2,228.0,9.0,5.4,46.0,27.0,0.54,71
2026-08-18 08:00:00,35.9,17.2,265.0,9.9,5.6,48.0,26.0,0.51,71
2026-08-18 09:00:00,37.3,17.9,256.0,8.6,5.5,54.0,24.0,0.5,71
2026-08-18 10:00:00,35.3,17.0,224.0,6.1,5.2,62.0,22.0,0.49,71
2026-08-18 11:00:00,32.6,16.3,199.0,4.2,4.9,67.0,20.0,0.49,70
2026-08-18 12:00:00,33.1,16.6,190.0,3.4,4.7,68.0,19.0,0.5,70
2026-08-18 13:00:00,32.9,16.9,188.0,3.2,4.5,67.0,18.0,0.51,69
2026-08-18 14:00:00,32.7,17.0,192.0,3.5,4.4,64.0,18.0,0.52,69
2026-08-18 15:00:00,32.6,16.9,206.0,4.2,4.3,60.0,18.0,0.52,69
2026-08-18 16:00:00,32.8,17.0,227.0,5.4,4.3,54.0,18.0,0.52,68
2026-08-18 17:00:00,38.5,17.6,239.0,6.7,4.1,49.0,29.0,0.52,68
2026-08-18 18:00:00,36.8,18.3,236.0,8.8,4.4,45.0,27.0,0.53,68
2026-08-18 19:00:00,38.0,19.6,224.0,11.7,4.8,40.0,23.0,0.55,67
2026-08-18 20:00:00,38.3,20.8,214.0,13.4,5.1,36.0,21.0,0.57,67
2026-08-18 21:00:00,37.3,19.8,211.0,13.0,5.2,35.0,21.0,0.59,67
2026-08-18 22:00:00,36.3,18.7,208.0,11.6,5.1,36.0,21.0,0.57,67
2026-08-18 23:00:00,31.7,16.5,199.0,10.0,4.9,37.0,21.0,0.57,67
2026-08-19 00:00:00,28.9,14.9,174.0,8.5,4.6,38.0,20.0,0.58,66
2026-08-19 01:00:00,27.9,14.0,142.0,7.0,4.2,38.0,18.0,0.58,66
2026-08-19 02:00:00,26.1,13.2,119.0,5.8,3.9,39.0,17.0,0.59,66
2026-08-19 03:00:00,25.1,12.6,108.0,5.1,3.9,39.0,16.0,0.56,65
2026-08-19 04:00:00,23.5,12.0,106.0,4.8,4.0,39.0,14.0,0.54,65
2026-08-19 05:00:00,25.5,12.9,119.0,4.7,4.2,42.0,17.0,0.52,64
2026-08-19 06:00:00,23.3,12.3,163.0,6.1,4.5,41.0,16.0,0.51,64
2026-08-19 07:00:00,22.8,12.7,222.0,8.1,4.8,40.0,15.0,0.51,64
2026-08-19 08:00:00,28.3,15.1,258.0,9.0,5.0,41.0,15.0,0.5,64
2026-08-19 09:00:00,32.9,16.8,246.0,8.0,5.0,46.0,16.0,0.5,63
2026-08-19 10:00:00,32.0,16.2,210.0,5.9,4.8,53.0,18.0,0.5,63
2026-08-19 11:00:00,32.6,16.1,183.0,4.3,4.6,59.0,20.0,0.49,63
2026-08-19 12:00:00,33.9,16.4,178.0,3.5,4.5,62.0,21.0,0.49,63
2026-08-19 13:00:00,34.1,16.6,183.0,3.2,4.4,64.0,22.0,0.49,63
2026-08-19 14:00:00,34.6,16.9,191.0,3.4,4.3,64.0,22.0,0.49,63
2026-08-19 15:00:00,33.5,16.9,206.0,4.2,4.2,60.0,21.0,0.5,63
2026-08-19 16:00:00,33.2,17.2,225.0,5.6,4.1,53.0,20.0,0.51,63
2026-08-19 17:00:00,32.7,17.0,236.0,7.8,4.2,46.0,18.0,0.49,63
2026-08-19 18:00:00,31.8,17.2,234.0,9.8,4.5,42.0,15.0,0.49,63
2026-08-19 19:00:00,32.9,18.9,224.0,12.6,4.9,37.0,12.0,0.49,63
2026-08-19 20:00:00,25.6,15.4,214.0,14.2,5.1,34.0,9.0,0.51,63
2026-08-19 21:00:00,22.2,13.4,206.0,13.6,5.1,34.0,8.0,0.51,63
2026-08-19 22:00:00,20.0,12.2,197.0,11.9,5.0,35.0,8.0,0.51,62
2026-08-19 23:00:00,19.8,11.9,184.0,10.2,4.8,36.0,8.0,0.51,62
2026-08-20 00:00:00,19.6,11.7,162.0,8.7,4.5,37.0,9.0,0.51,61
2026-08-20 01:00:00,20.3,11.6,135.0,7.1,4.1,38.0,10.0,0.51,61
2026-08-20 02:00:00,21.5,11.6,117.0,6.0,3.9,38.0,11.0,0.51,61
2026-08-20 03:00:00,22.5,11.7,107.0,5.4,3.9,38.0,12.0,0.51,61
2026-08-20 04:00:00,22.9,11.7,106.0,5.2,4.1,37.0,14.0,0.51,61
2026-08-20 05:00:00,26.0,12.5,121.0,5.3,4.3,39.0,18.0,0.47,61
2026-08-20 06:00:00,27.6,13.0,170.0,6.5,4.6,38.0,22.0,0.47,61
2026-08-20 07:00:00,31.7,14.4,236.0,8.1,5.0,38.0,28.0,0.46,61
2026-08-20 08:00:00,37.6,15.7,276.0,8.9,5.2,39.0,33.0,0.44,61
2026-08-20 09:00:00,46.0,18.5,264.0,8.1,5.2,44.0,37.0,0.45,61
2026-08-20 10:00:00,47.1,18.8,225.0,6.4,5.0,50.0,41.0,0.46,61
2026-08-20 11:00:00,46.2,18.5,195.0,5.1,4.9,55.0,42.0,0.46,61
2026-08-20 12:00:00,44.4,18.0,186.0,4.5,4.8,57.0,40.0,0.46,61
2026-08-20 13:00:00,42.8,17.4,187.0,4.2,4.7,57.0,36.0,0.46,61
2026-08-20 14:00:00,40.2,17.0,194.0,4.4,4.6,56.0,33.0,0.46,61
2026-08-20 15:00:00,39.5,17.0,213.0,5.1,4.6,53.0,31.0,0.46,61
2026-08-20 16:00:00,40.3,17.5,239.0,6.3,4.6,50.0,29.0,0.47,62
2026-08-20 17:00:00,38.4,16.4,255.0,8.1,4.6,43.0,31.0,0.42,62
2026-08-20 18:00:00,37.4,16.8,251.0,9.8,4.9,41.0,29.0,0.44,61
2026-08-20 19:00:00,39.6,18.7,237.0,12.0,5.2,38.0,27.0,0.46,61
2026-08-20 20:00:00,35.9,17.2,225.0,13.7,5.5,35.0,24.0,0.46,61
2026-08-20 21:00:00,30.0,15.2,221.0,14.3,5.6,33.0,20.0,0.48,62
2026-08-20 22:00:00,25.9,13.6,218.0,14.3,5.7,32.0,17.0,0.49,62
2026-08-20 23:00:00,24.8,13.4,208.0,13.6,5.6,32.0,14.0,0.5,62
2026-08-21 00:00:00,24.7,13.1,183.0,11.9,5.3,33.0,13.0,0.5,62
2026-08-21 01:00:00,24.7,12.7,150.0,9.5,4.8,35.0,14.0,0.5,62
2026-08-21 02:00:00,24.1,12.1,126.0,7.6,4.5,37.0,15.0,0.5,62
2026-08-21 03:00:00,25.0,11.9,112.0,6.4,4.3,38.0,16.0,0.51,62
2026-08-21 04:00:00,25.6,11.8,106.0,5.7,4.3,39.0,18.0,0.51,62
2026-08-21 05:00:00,25.8,11.8,120.0,5.6,4.4,40.0,20.0,0.49,62
2026-08-21 06:00:00,27.0,12.3,173.0,7.0,4.8,39.0,23.0,0.49,62
2026-08-21 07:00:00,31.3,14.2,244.0,8.8,5.3,38.0,28.0,0.49,62
2026-08-21 08:00:00,37.0,15.2,288.0,9.7,5.6,39.0,34.0,0.49,62
2026-08-21 09:00:00,53.0,19.7,275.0,8.7,5.6,45.0,41.0,0.49,62
2026-08-21 10:00:00,55.3,20.3,234.0,6.6,5.4,53.0,48.0,0.49,62
2026-08-21 11:00:00,54.2,20.5,201.0,5.0,5.2,59.0,53.0,0.5,62
2026-08-21 12:00:00,49.4,19.4,191.0,4.2,5.0,63.0,53.0,0.51,62
2026-08-21 13:00:00,50.6,19.5,189.0,3.8,4.8,65.0,50.0,0.5,63
2026-08-21 14:00:00,50.3,19.3,194.0,3.9,4.6,65.0,48.0,0.51,63
2026-08-21 15:00:00,50.2,19.0,209.0,4.6,4.5,62.0,48.0,0.5,63
2026-08-21 16:00:00,51.1,18.9,230.0,5.8,4.6,56.0,50.0,0.51,63
2026-08-21 17:00:00,67.5,22.3,244.0,8.3,4.4,46.0,74.0,0.5,63
2026-08-21 18:00:00,60.5,22.1,243.0,10.0,4.7,44.0,66.0,0.51,64
2026-08-21 19:00:00,54.0,21.6,235.0,12.4,5.1,40.0,54.0,0.52,64
2026-08-21 20:00:00,49.1,20.1,225.0,14.0,5.4,38.0,44.0,0.53,64
2026-08-21 21:00:00,44.2,19.0,215.0,14.2,5.5,37.0,38.0,0.54,64
2026-08-21 22:00:00,39.3,17.3,203.0,13.7,5.5,37.0,33.0,0.54,65
2026-08-21 23:00:00,36.4,16.4,188.0,12.6,5.4,38.0,30.0,0.54,65
2026-08-22 00:00:00,34.1,15.2,166.0,10.7,5.0,40.0,27.0,0.54,65
2026-08-22 01:00:00,32.0,14.3,141.0,8.2,4.4,42.0,26.0,0.55,65
2026-08-22 02:00:00,30.6,13.7,123.0,6.3,4.0,44.0,25.0,0.55,66
2026-08-22 03:00:00,30.2,13.5,113.0,5.3,3.9,44.0,24.0,0.55,66
2026-08-22 04:00:00,29.6,13.2,109.0,4.9,4.1,44.0,24.0,0.55,66
2026-08-22 05:00:00,42.4,16.0,124.0,5.3,4.2,44.0,43.0,0.55,66
2026-08-22 06:00:00,37.1,14.8,175.0,6.6,4.4,43.0,43.0,0.56,66
2026-08-22 07:00:00,37.0,15.3,244.0,8.3,4.6,41.0,43.0,0.57,66
2026-08-22 08:00:00,46.7,18.0,284.0,9.1,4.8,42.0,45.0,0.57,67
2026-08-22 09:00:00,53.4,20.4,267.0,8.1,4.8,46.0,49.0,0.57,67
2026-08-22 10:00:00,59.4,21.8,222.0,6.2,4.6,52.0,55.0,0.57,67
2026-08-22 11:00:00,58.7,21.5,188.0,4.7,4.5,57.0,59.0,0.57,67
2026-08-22 12:00:00,57.7,21.7,182.0,4.0,4.4,61.0,59.0,0.57,67
2026-08-22 13:00:00,58.2,21.9,187.0,3.7,4.2,64.0,58.0,0.56,67
2026-08-22 14:00:00,56.8,21.8,197.0,3.9,4.1,64.0,55.0,0.57,67
2026-08-22 15:00:00,53.3,21.2,214.0,4.8,4.1,61.0,50.0,0.57,68
2026-08-22 16:00:00,52.0,21.1,235.0,6.2,4.2,55.0,44.0,0.58,68
2026-08-22 17:00:00,63.8,24.4,251.0,7.3,4.1,49.0,61.0,0.59,68
2026-08-22 18:00:00,60.5,24.6,256.0,9.1,4.3,46.0,55.0,0.6,68
2026-08-22 19:00:00,60.5,26.0,254.0,11.5,4.7,43.0,46.0,0.61,68
2026-08-22 20:00:00,45.8,20.1,250.0,13.1,4.9,40.0,39.0,0.61,69
2026-08-22 21:00:00,42.5,18.9,245.0,13.2,5.0,40.0,37.0,0.64,69
2026-08-22 22:00:00,42.1,18.7,237.0,12.4,5.1,40.0,37.0,0.67,69
2026-08-22 23:00:00,43.8,19.1,222.0,11.3,5.0,41.0,38.0,0.69,69
2026-08-23 00:00:00,42.0,18.4,195.0,9.9,4.8,42.0,38.0,0.71,69
2026-08-23 01:00:00,42.1,18.1,161.0,8.2,4.4,43.0,38.0,0.71,69
2026-08-23 02:00:00,42.7,17.9,136.0,6.8,4.2,44.0,38.0,0.71,70
2026-08-23 03:00:00,43.3,17.8,124.0,5.9,4.1,44.0,38.0,0.72,70
2026-08-23 04:00:00,42.8,17.5,120.0,5.3,4.0,44.0,39.0,0.77,70
2026-08-23 05:00:00,43.8,17.7,128.0,5.2,4.1,45.0,41.0,0.88,71
2026-08-23 06:00:00,43.1,17.8,156.0,6.1,4.4,44.0,44.0,0.98,71
2026-08-23 07:00:00,46.8,19.1,196.0,7.3,4.9,44.0,49.0,1.04,71
2026-08-23 08:00:00,54.4,20.4,220.0,7.9,5.2,45.0,55.0,1.11,71
2026-08-23 09:00:00,66.4,24.6,213.0,7.1,5.3,49.0,63.0,1.18,71
2026-08-23 10:00:00,69.6,25.5,190.0,5.7,5.2,54.0,72.0,1.22,72
2026-08-23 11:00:00,75.0,26.1,173.0,4.6,5.2,59.0,80.0,1.21,72
2026-08-23 12:00:00,75.9,26.1,170.0,4.1,5.2,62.0,87.0,1.17,72
2026-08-23 13:00:00,86.6,28.2,173.0,3.8,5.2,64.0,94.0,1.13,73
2026-08-23 14:00:00,84.8,27.6,179.0,3.9,5.2,65.0,96.0,1.14,73
2026-08-23 15:00:00,84.1,27.3,187.0,4.4,5.3,64.0,93.0,1.16,74
2026-08-23 16:00:00,75.4,26.0,199.0,5.3,5.5,61.0,85.0,1.19,74
2026-08-23 17:00:00,107.6,33.5,210.0,5.6,5.8,63.0,126.0,1.24,75
2026-08-23 18:00:00,93.8,31.4,222.0,7.6,6.0,57.0,107.0,1.23,75
2026-08-23 19:00:00,80.6,29.5,235.0,10.4,6.3,49.0,81.0,1.22,76
2026-08-23 20:00:00,64.5,25.9,243.0,12.7,6.6,42.0,60.0,1.16,76
2026-08-23 21:00:00,57.0,23.6,246.0,14.2,6.9,39.0,51.0,1.09,77
2026-08-23 22:00:00,54.2,23.0,244.0,15.3,7.2,37.0,48.0,1.04,77
2026-08-23 23:00:00,52.9,22.7,235.0,15.5,7.2,36.0,47.0,1.0,77
2026-08-24 00:00:00,52.2,22.1,213.0,14.5,6.8,36.0,46.0,0.98,77
2026-08-24 01:00:00,50.6,21.2,185.0,12.6,6.2,38.0,46.0,0.98,78
2026-08-24 02:00:00,49.1,20.3,163.0,11.0,5.8,39.0,46.0,0.98,78
2026-08-24 03:00:00,48.5,19.7,147.0,9.8,5.6,39.0,44.0,0.96,78
2026-08-24 04:00:00,47.4,19.2,138.0,8.9,5.5,39.0,42.0,0.94,78
2026-08-24 05:00:00,69.4,23.5,152.0,8.8,6.2,41.0,78.0,0.86,78
2026-08-24 06:00:00,62.9,23.1,215.0,9.9,6.8,41.0,82.0,0.84,79
2026-08-24 07:00:00,68.5,24.9,301.0,11.4,7.5,42.0,89.0,0.83,79
2026-08-24 08:00:00,87.5,26.4,353.0,11.9,8.2,46.0,106.0,0.82,80
2026-08-24 09:00:00,122.0,32.9,337.0,10.5,8.7,57.0,146.0,0.81,80
2026-08-24 10:00:00,150.9,38.8,288.0,8.2,9.0,72.0,197.0,0.8,81
2026-08-24 11:00:00,167.2,43.4,248.0,6.2,9.1,86.0,226.0,0.81,82
2026-08-24 12:00:00,162.1,45.1,234.0,5.0,8.7,98.0,214.0,0.81,83
2026-08-24 13:00:00,149.0,44.1,229.0,4.3,8.1,110.0,180.0,0.82,85
2026-08-24 14:00:00,122.9,39.1,233.0,4.2,7.5,113.0,149.0,0.84,86
2026-08-24 15:00:00,109.2,35.3,251.0,5.0,7.1,104.0,130.0,0.85,87
2026-08-24 16:00:00,97.8,31.9,277.0,6.6,6.9,87.0,115.0,0.87,88
2026-08-24 17:00:00,132.2,40.7,292.0,8.4,6.9,76.0,160.0,0.94,88
2026-08-24 18:00:00,121.1,37.5,284.0,11.0,7.0,65.0,146.0,0.94,89
2026-08-24 19:00:00,104.1,33.5,265.0,14.6,7.2,50.0,126.0,0.97,89
2026-08-24 20:00:00,94.1,30.9,247.0,17.0,7.3,39.0,108.0,0.98,89
2026-08-24 21:00:00,87.5,29.0,236.0,17.2,7.3,36.0,94.0,0.95,90
2026-08-24 22:00:00,76.6,27.4,226.0,16.3,7.2,37.0,82.0,0.89,90
2026-08-24 23:00:00,69.8,26.1,212.0,15.2,7.0,38.0,72.0,0.89,91
2026-08-25 00:00:00,66.6,25.4,189.0,14.1,6.7,38.0,66.0,0.96,91
2026-08-25 01:00:00,63.1,24.6,163.0,12.8,6.4,38.0,63.0,0.99,91
2026-08-25 02:00:00,61.5,23.8,144.0,11.6,6.2,38.0,61.0,0.99,91
2026-08-25 03:00:00,59.5,23.0,132.0,10.5,6.1,38.0,58.0,0.98,92
2026-08-25 04:00:00,57.6,22.4,128.0,9.6,6.1,38.0,55.0,0.97,92
2026-08-25 05:00:00,62.6,23.4,148.0,8.9,6.6,39.0,65.0,0.97,92
2026-08-25 06:00:00,61.0,23.5,219.0,10.3,7.2,39.0,72.0,0.94,92
2026-08-25 07:00:00,65.9,25.9,314.0,12.0,7.9,39.0,83.0,0.9,92
2026-08-25 08:00:00,83.4,27.9,370.0,12.7,8.5,43.0,94.0,0.88,92
2026-08-25 09:00:00,100.4,32.1,350.0,11.2,8.8,55.0,108.0,0.88,92
2026-08-25 10:00:00,109.7,34.7,292.0,8.7,9.0,72.0,123.0,0.88,92
2026-08-25 11:00:00,113.6,37.0,245.0,6.5,8.8,85.0,132.0,0.86,92
2026-08-25 12:00:00,109.9,37.5,227.0,5.2,8.2,92.0,129.0,0.82,92
2026-08-25 13:00:00,103.6,36.2,220.0,4.3,7.2,96.0,120.0,0.78,91
2026-08-25 14:00:00,100.4,34.6,221.0,4.1,6.5,95.0,112.0,0.73,90
2026-08-25 15:00:00,95.0,32.6,232.0,4.8,6.1,86.0,109.0,0.71,90
2026-08-25 16:00:00,100.8,33.4,251.0,6.2,5.9,72.0,107.0,0.69,90
2026-08-25 17:00:00,138.3,42.7,263.0,7.6,5.9,62.0,164.0,0.69,90
2026-08-25 18:00:00,130.4,40.4,261.0,9.2,6.0,56.0,154.0,0.7,90
2026-08-25 19:00:00,114.3,37.0,252.0,11.4,6.0,49.0,139.0,0.71,90
2026-08-25 20:00:00,107.6,34.0,241.0,13.5,6.2,42.0,125.0,0.7,91
2026-08-25 21:00:00,89.4,30.6,228.0,15.7,6.6,38.0,110.0,0.69,91
2026-08-25 22:00:00,84.1,29.6,212.0,17.9,7.0,35.0,96.0,0.67,91
2026-08-25 23:00:00,80.3,29.1,196.0,18.5,7.2,34.0,87.0,0.68,91
2026-08-26 00:00:00,76.6,28.3,177.0,16.5,6.8,35.0,90.0,0.69,91
2026-08-26 01:00:00,84.1,30.3,157.0,13.1,6.2,38.0,98.0,0.69,92
2026-08-26 02:00:00,92.9,33.1,143.0,10.2,5.7,41.0,101.0,0.67,92
2026-08-26 03:00:00,72.6,27.2,133.0,8.6,5.5,42.0,91.0,0.65,93
2026-08-26 04:00:00,67.5,25.7,129.0,7.5,5.5,43.0,77.0,0.64,93
2026-08-26 05:00:00,72.4,26.2,142.0,6.5,5.3,46.0,78.0,0.65,93
2026-08-26 06:00:00,69.8,25.8,190.0,8.0,5.7,45.0,82.0,0.64,94
2026-08-26 07:00:00,77.8,27.7,255.0,10.0,6.3,45.0,89.0,0.63,94
2026-08-26 08:00:00,85.0,29.3,293.0,10.8,6.7,47.0,95.0,0.61,94
2026-08-26 09:00:00,95.7,32.6,276.0,9.4,6.7,55.0,102.0,0.6,94
2026-08-26 10:00:00,102.9,34.8,233.0,6.8,6.5,67.0,108.0,0.59,94
2026-08-26 11:00:00,99.2,34.6,200.0,4.8,6.2,76.0,111.0,0.58,94
2026-08-26 12:00:00,94.8,34.6,193.0,3.9,5.9,81.0,107.0,0.57,94
2026-08-26 13:00:00,91.7,34.3,196.0,3.5,5.6,84.0,100.0,0.56,94
2026-08-26 14:00:00,89.6,33.6,205.0,3.7,5.4,84.0,94.0,0.56,93
2026-08-26 15:00:00,88.5,33.4,222.0,4.5,5.3,78.0,91.0,0.55,93
2026-08-26 16:00:00,86.4,32.7,243.0,5.9,5.2,69.0,89.0,0.55,93
2026-08-26 17:00:00,112.5,39.9,256.0,7.5,5.0,58.0,122.0,0.64,93
2026-08-26 18:00:00,102.0,38.1,251.0,9.6,5.2,53.0,112.0,0.63,93
2026-08-26 19:00:00,98.7,37.3,238.0,12.6,5.6,46.0,98.0,0.62,93
2026-08-26 20:00:00,89.9,35.7,224.0,14.6,5.8,41.0,85.0,0.62,93
2026-08-26 21:00:00,81.3,31.3,214.0,15.0,5.9,39.0,74.0,0.62,93
2026-08-26 22:00:00,69.8,27.9,205.0,14.6,6.0,39.0,65.0,0.61,93
2026-08-26 23:00:00,61.0,25.4,192.0,13.5,5.9,40.0,57.0,0.59,93
2026-08-27 00:00:00,55.8,23.7,173.0,11.6,5.5,42.0,53.0,0.59,93
2026-08-27 01:00:00,53.6,22.6,151.0,9.1,4.9,44.0,51.0,0.6,92
2026-08-27 02:00:00,52.4,21.5,134.0,7.1,4.5,46.0,49.0,0.61,92
2026-08-27 03:00:00,48.5,20.2,122.0,5.9,4.3,47.0,47.0,0.56,91
2026-08-27 04:00:00,46.8,19.3,116.0,5.1,4.2,47.0,45.0,0.55,90
2026-08-27 05:00:00,52.4,20.6,126.0,5.0,4.2,48.0,52.0,0.56,90
2026-08-27 06:00:00,53.3,21.2,167.0,6.6,4.5,47.0,53.0,0.57,89
2026-08-27 07:00:00,58.3,23.3,224.0,8.7,5.0,45.0,54.0,0.58,89
2026-08-27 08:00:00,59.4,23.8,258.0,9.7,5.3,46.0,56.0,0.6,89
2026-08-27 09:00:00,69.4,27.3,245.0,8.5,5.2,52.0,61.0,0.61,88
2026-08-27 10:00:00,72.6,28.7,208.0,6.3,5.0,60.0,66.0,0.63,88
2026-08-27 11:00:00,71.9,28.6,182.0,4.5,4.8,67.0,69.0,0.62,87
2026-08-27 12:00:00,70.5,28.1,179.0,3.6,4.6,72.0,67.0,0.59,87
2026-08-27 13:00:00,65.9,26.7,187.0,3.3,4.5,75.0,63.0,0.56,86
2026-08-27 14:00:00,62.6,25.7,198.0,3.4,4.4,75.0,58.0,0.54,86
2026-08-27 15:00:00,57.3,24.2,213.0,4.2,4.4,71.0,52.0,0.52,85
2026-08-27 16:00:00,54.0,23.1,231.0,5.5,4.5,64.0,45.0,0.49,84
2026-08-27 17:00:00,49.2,21.7,242.0,7.2,4.6,57.0,39.0,0.46,84
2026-08-27 18:00:00,45.1,20.7,239.0,9.6,4.8,51.0,35.0,0.45,82
2026-08-27 19:00:00,43.3,20.4,229.0,12.2,4.9,46.0,33.0,0.46,81
2026-08-27 20:00:00,45.1,21.4,221.0,13.9,5.1,42.0,31.0,0.46,80
2026-08-27 21:00:00,37.4,17.5,223.0,13.9,5.2,41.0,29.0,0.46,78
2026-08-27 22:00:00,40.0,18.2,227.0,12.9,5.3,41.0,27.0,0.46,77
2026-08-27 23:00:00,34.5,16.4,221.0,11.6,5.3,42.0,25.0,0.47,77
2026-08-28 00:00:00,34.0,16.0,193.0,10.2,5.1,43.0,23.0,0.47,76
2026-08-28 01:00:00,35.9,16.8,154.0,8.5,4.7,44.0,21.0,0.47,75
2026-08-28 02:00:00,29.0,14.2,126.0,7.1,4.4,45.0,20.0,0.47,75
2026-08-28 03:00:00,26.3,12.9,112.0,6.1,4.2,46.0,19.0,0.48,74
2026-08-28 04:00:00,25.6,12.4,108.0,5.4,4.2,46.0,18.0,0.48,74
2026-08-28 05:00:00,29.3,13.3,122.0,5.1,4.4,47.0,23.0,0.44,73
2026-08-28 06:00:00,27.2,13.0,173.0,6.7,4.7,46.0,24.0,0.44,73
2026-08-28 07:00:00,29.9,14.2,243.0,8.9,5.1,46.0,24.0,0.42,72
2026-08-28 08:00:00,31.8,14.7,284.0,10.0,5.4,47.0,25.0,0.41,71
2026-08-28 09:00:00,38.8,18.2,265.0,8.9,5.3,53.0,25.0,0.4,70
2026-08-28 10:00:00,39.7,18.7,217.0,6.6,5.1,60.0,25.0,0.4,70
2026-08-28 11:00:00,37.6,18.5,182.0,4.8,4.9,67.0,25.0,0.39,69
2026-08-28 12:00:00,36.3,18.3,178.0,3.9,4.7,72.0,24.0,0.38,68
2026-08-28 13:00:00,36.1,18.4,187.0,3.3,4.6,75.0,22.0,0.37,67
2026-08-28 14:00:00,36.0,18.6,199.0,3.4,4.5,75.0,21.0,0.37,67
2026-08-28 15:00:00,36.3,18.8,213.0,4.3,4.5,70.0,20.0,0.38,66
2026-08-28 16:00:00,36.2,18.9,230.0,5.8,4.5,62.0,19.0,0.39,66
2026-08-28 17:00:00,45.4,22.4,239.0,7.3,4.4,57.0,29.0,0.36,65
2026-08-28 18:00:00,44.4,22.2,235.0,9.2,4.6,52.0,26.0,0.4,65
2026-08-28 19:00:00,40.9,21.6,223.0,11.7,4.8,46.0,22.0,0.41,66
2026-08-28 20:00:00,32.0,16.7,211.0,13.3,5.0,41.0,19.0,0.42,66
2026-08-28 21:00:00,29.3,15.8,202.0,13.1,5.0,40.0,17.0,0.41,65
2026-08-28 22:00:00,28.4,15.4,192.0,11.9,5.0,40.0,17.0,0.4,65
2026-08-28 23:00:00,28.3,15.4,179.0,10.6,4.9,41.0,16.0,0.4,65
2026-08-29 00:00:00,27.5,15.1,158.0,9.3,4.7,41.0,15.0,0.42,65
2026-08-29 01:00:00,27.3,15.0,133.0,7.9,4.3,42.0,15.0,0.42,65
2026-08-29 02:00:00,26.0,14.3,116.0,6.7,4.1,42.0,14.0,0.41,65
2026-08-29 03:00:00,25.1,13.7,107.0,5.8,4.0,42.0,13.0,0.41,65
2026-08-29 04:00:00,24.2,13.2,105.0,5.2,4.0,42.0,13.0,0.42,65
2026-08-29 05:00:00,27.6,14.0,118.0,5.0,4.0,46.0,18.0,0.42,65
2026-08-29 06:00:00,27.6,14.0,162.0,6.4,4.2,45.0,19.0,0.45,65
2026-08-29 07:00:00,28.3,14.7,222.0,8.4,4.4,45.0,21.0,0.45,65
2026-08-29 08:00:00,32.2,15.7,257.0,9.3,4.5,46.0,23.0,0.46,65
2026-08-29 09:00:00,40.0,19.6,243.0,8.3,4.4,50.0,24.0,0.44,65
2026-08-29 10:00:00,40.2,19.6,204.0,6.3,4.3,55.0,24.0,0.42,65
2026-08-29 11:00:00,38.3,18.7,174.0,4.6,4.1,60.0,24.0,0.4,65
2026-08-29 12:00:00,37.5,18.5,166.0,3.7,4.0,63.0,24.0,0.41,65
2026-08-29 13:00:00,37.7,18.6,167.0,3.2,3.9,66.0,25.0,0.42,65
2026-08-29 14:00:00,38.4,19.0,175.0,3.2,3.8,66.0,24.0,0.43,65
2026-08-29 15:00:00,36.9,18.5,194.0,4.0,3.7,62.0,22.0,0.43,65
2026-08-29 16:00:00,35.7,17.9,220.0,5.3,3.7,56.0,19.0,0.42,65
2026-08-29 17:00:00,39.2,18.8,238.0,6.5,3.4,52.0,26.0,0.39,65
2026-08-29 18:00:00,36.6,18.6,243.0,8.5,3.7,48.0,23.0,0.38,65
2026-08-29 19:00:00,44.5,22.2,240.0,11.2,4.0,43.0,19.0,0.37,65
2026-08-29 20:00:00,28.6,15.3,235.0,12.9,4.3,39.0,16.0,0.38,65
2026-08-29 21:00:00,24.2,13.2,230.0,12.9,4.4,38.0,14.0,0.41,65
2026-08-29 22:00:00,23.4,12.4,223.0,11.9,4.4,38.0,12.0,0.43,64
2026-08-29 23:00:00,21.7,12.0,209.0,10.6,4.3,39.0,11.0,0.43,64
2026-08-30 00:00:00,20.4,11.3,181.0,9.0,4.1,40.0,10.0,0.44,64
2026-08-30 01:00:00,19.4,10.6,145.0,7.2,3.7,41.0,10.0,0.44,64
2026-08-30 02:00:00,18.7,10.0,119.0,5.7,3.5,42.0,10.0,0.43,63
2026-08-30 03:00:00,19.0,9.8,107.0,4.8,3.4,43.0,10.0,0.43,63
2026-08-30 04:00:00,19.6,9.9,105.0,4.2,3.4,44.0,11.0,0.43,63
2026-08-30 05:00:00,20.0,9.7,112.0,4.2,3.2,45.0,14.0,0.43,62
2026-08-30 06:00:00,20.3,10.0,138.0,5.2,3.5,44.0,15.0,0.43,62
2026-08-30 07:00:00,21.5,11.0,173.0,6.5,4.0,43.0,16.0,0.43,62
2026-08-30 08:00:00,25.2,12.3,194.0,7.1,4.3,43.0,17.0,0.43,61
2026-08-30 09:00:00,37.3,17.6,185.0,6.2,4.3,47.0,19.0,0.45,61
2026-08-30 10:00:00,35.2,16.8,161.0,4.6,4.1,52.0,21.0,0.47,61
2026-08-30 11:00:00,34.5,16.5,143.0,3.4,3.9,57.0,22.0,0.51,61
2026-08-30 12:00:00,35.0,16.7,138.0,2.9,3.8,60.0,21.0,0.53,61
2026-08-30 13:00:00,35.2,17.1,138.0,2.7,3.7,62.0,20.0,0.54,60
2026-08-30 14:00:00,34.6,17.4,142.0,2.8,3.7,62.0,19.0,0.53,60
2026-08-30 15:00:00,34.3,17.5,153.0,3.3,3.7,60.0,19.0,0.51,60
2026-08-30 16:00:00,34.2,17.8,168.0,4.0,3.7,55.0,20.0,0.48,60
2026-08-30 17:00:00,36.4,17.8,178.0,4.7,3.6,52.0,21.0,0.44,60
2026-08-30 18:00:00,34.2,17.5,179.0,6.2,3.9,48.0,19.0,0.43,60
2026-08-30 19:00:00,35.9,18.9,174.0,8.3,4.2,43.0,17.0,0.43,60
2026-08-30 20:00:00,28.3,14.7,169.0,9.6,4.5,39.0,16.0,0.45,60
2026-08-30 21:00:00,27.2,14.1,166.0,9.7,4.6,38.0,16.0,0.47,60
2026-08-30 22:00:00,28.5,14.4,162.0,9.1,4.6,38.0,17.0,0.48,60
2026-08-30 23:00:00,27.6,14.2,155.0,8.2,4.5,38.0,17.0,0.47,60
2026-08-31 00:00:00,25.6,13.4,140.0,7.1,4.2,39.0,16.0,0.48,60
2026-08-31 01:00:00,24.2,12.6,122.0,5.7,3.7,40.0,15.0,0.48,60
2026-08-31 02:00:00,24.0,12.3,109.0,4.6,3.4,41.0,14.0,0.48,60
2026-08-31 03:00:00,22.5,11.6,100.0,4.0,3.3,41.0,13.0,0.46,61
2026-08-31 04:00:00,22.4,11.2,96.0,3.7,3.2,41.0,13.0,0.45,61
2026-08-31 05:00:00,27.9,13.4,109.0,4.3,3.4,43.0,19.0,0.45,61
2026-08-31 06:00:00,22.9,11.4,157.0,6.6,4.0,40.0,18.0,0.46,61
2026-08-31 07:00:00,22.6,11.7,222.0,9.7,4.7,37.0,16.0,0.46,61
2026-08-31 08:00:00,24.1,12.4,261.0,11.3,5.2,36.0,15.0,0.43,61
2026-08-31 09:00:00,29.2,14.4,249.0,9.8,5.1,40.0,17.0,0.43,61
2026-08-31 10:00:00,29.0,14.1,212.0,6.8,4.7,46.0,19.0,0.43,61
2026-08-31 11:00:00,31.0,14.3,183.0,4.5,4.4,52.0,21.0,0.43,61
2026-08-31 12:00:00,28.1,13.4,175.0,3.7,4.3,56.0,20.0,0.43,61
2026-08-31 13:00:00,28.2,13.6,176.0,3.5,4.4,58.0,18.0,0.43,60
2026-08-31 14:00:00,27.4,13.7,183.0,3.9,4.4,59.0,16.0,0.44,60
2026-08-31 15:00:00,26.4,13.4,201.0,4.6,4.4,56.0,15.0,0.46,60
2026-08-31 16:00:00,26.1,13.5,227.0,5.8,4.4,51.0,13.0,0.46,59
2026-08-31 17:00:00,33.1,16.0,244.0,8.4,4.3,44.0,19.0,0.47,59
2026-08-31 18:00:00,34.0,17.1,247.0,12.0,5.0,39.0,19.0,0.45,59
2026-08-31 19:00:00,32.8,17.3,242.0,16.9,5.9,33.0,19.0,0.45,59
2026-08-31 20:00:00,30.9,16.4,235.0,19.9,6.5,29.0,18.0,0.44,59
2026-08-31 21:00:00,26.3,14.8,229.0,19.6,6.6,29.0,17.0,0.44,59
2026-08-31 22:00:00,26.5,14.7,222.0,17.4,6.3,31.0,16.0,0.43,59
2026-08-31 23:00:00,26.2,14.2,209.0,15.0,6.0,33.0,15.0,0.41,59
2026-09-01 00:00:00,25.3,13.4,185.0,12.4,5.5,36.0,15.0,0.42,59
2026-09-01 01:00:00,25.1,12.9,156.0,9.5,4.8,39.0,16.0,0.42,59
2026-09-01 02:00:00,26.1,12.8,135.0,7.3,4.4,41.0,17.0,0.43,59
2026-09-01 03:00:00,24.8,12.3,123.0,6.2,4.3,41.0,17.0,0.43,59
2026-09-01 04:00:00,25.4,12.4,118.0,5.8,4.4,41.0,16.0,0.42,59
2026-09-01 05:00:00,29.5,13.4,130.0,6.0,4.6,42.0,23.0,0.44,59
2026-09-01 06:00:00,31.0,14.0,176.0,7.3,5.0,42.0,25.0,0.43,59
2026-09-01 07:00:00,34.3,15.5,239.0,9.0,5.5,41.0,27.0,0.44,59
2026-09-01 08:00:00,35.9,15.5,276.0,9.8,5.8,43.0,30.0,0.43,60
2026-09-01 09:00:00,41.9,17.9,261.0,8.6,5.7,48.0,33.0,0.43,60
2026-09-01 10:00:00,42.5,17.8,220.0,6.5,5.4,56.0,36.0,0.44,60
2026-09-01 11:00:00,43.8,18.0,190.0,4.9,5.1,61.0,38.0,0.45,61
2026-09-01 12:00:00,43.8,17.8,184.0,4.4,4.9,62.0,38.0,0.45,61
2026-09-01 13:00:00,43.0,17.6,188.0,4.4,4.8,61.0,36.0,0.47,61
2026-09-01 14:00:00,40.3,17.1,199.0,4.8,4.8,59.0,33.0,0.47,62
2026-09-01 15:00:00,37.8,16.6,219.0,5.5,4.8,55.0,30.0,0.46,62
2026-09-01 16:00:00,35.6,16.2,246.0,6.6,5.0,50.0,26.0,0.47,62
2026-09-01 17:00:00,34.1,16.2,265.0,8.6,5.2,44.0,22.0,0.48,62
2026-09-01 18:00:00,42.4,19.7,270.0,12.4,5.6,37.0,19.0,0.48,62
2026-09-01 19:00:00,29.8,16.1,268.0,17.1,6.2,30.0,17.0,0.48,62
2026-09-01 20:00:00,29.0,16.0,265.0,20.3,6.6,25.0,15.0,0.47,62
